Date,BOVA11,ITUB4,BBDC4,BBAS3,BPAC11,SANB11,ABCB4,BPAN4,BRSR6,BIDI4,PINE4.SA
2019-01-03,0.001137634,0.016486547,0.010087655,0.004115187,0.04136554,0.033012765,-0.001168317,-0.029999879,-0.00873743,-0.02889019,0.057777778
2019-01-04,0.005681818,-0.016750728,-0.007847445,0,0.035480083,-0.001058324,-0.008771971,0.015463853,-0.008373794,-0.012265381,-0.033613445
2019-01-07,-0.000225955,0.001892608,0.011863717,-0.006557367,0.020483994,0.01673715,0.002949889,-0.010152599,-0.00888872,0.00396355,0.039130435
2019-01-08,0.003955685,0.012685461,0.006106561,-0.011344866,-0.018621769,-0.007366471,0.018823574,0,0.022421148,0.047631182,0.0041841
2019-01-09,0.01677359,0.015192234,0.01723698,-0.002712434,0.001526176,0.013804993,0.015588793,0.005128366,0.020175728,0.003516889,0.008333333
2019-01-10,0.001107152,-0.006825981,-0.003102537,0.014644493,-0.012190484,0.010425441,0.007390641,0.040816524,0.000429904,-0.0162706,0.012396694
2019-01-11,-0.000442391,-0.006079931,-0.006463873,0.004123672,-0.001157032,-0.00210563,0.02031606,0.004901596,0.00257847,-0.007633143,0.012244898
2019-01-14,0.00918347,0.007447009,0.011807128,0.023203351,-0.010038477,0.020679386,0.003871617,-0.00975589,0.018002514,0.041025223,0.004032258
2019-01-15,-0.006578204,-0.015575315,-0.001905079,-0.01163975,-0.001560104,-0.028323249,-0.004407693,-0.004926262,-0.002105374,-0.019458093,0.004016064
2019-01-16,0.005959618,-0.002950483,0.004772038,-0.009542961,0.015624929,-0.006383015,-0.004980654,-0.024752207,-0.008438709,0.012308868,0.012
2019-01-17,0.008996149,0,0.003324547,0.003689961,0.026923236,0.012633738,0.006674114,0.015228364,-0.012765765,0.039701827,0
2019-01-18,0.006958791,0.012910268,0.010177466,-0.008374171,0.044569265,0.024106718,0.013812323,0.014999939,-0.004310776,0.010501414,0.055335968
2019-01-21,0.000323918,-0.008231513,-0.011480692,-0.005355135,-0.010398082,-0.001651847,0.020163131,0.059113065,-0.021644872,0.020311581,0.011235955
2019-01-22,-0.013385115,-0.001605926,-0.004503264,-0.001864027,-0.007246419,-0.002068248,-0.002670734,0.018604745,-0.019911496,0,-0.037037037
2019-01-23,0.018599518,0.006703642,0.017142764,0.020747006,0.02189794,0.032124326,0.020353564,-0.004565872,0.037923079,0.00555559,-0.023076923
2019-01-24,0.011493019,-0.001331454,0.010065319,-0.005081305,0.053571293,-0.004618435,0.015223188,-0.004587298,0.004784692,-0.050414233,-0.023622047
2019-01-28,-0.022193863,0.017871195,0.00811143,-0.012870356,-0.00677956,0.002622496,-0.00103444,-0.018433267,-0.004328923,-0.04121206,0.016129032
2019-01-29,0.001194613,-0.007337377,-0.012873739,0.03331953,-0.010238967,-0.014084503,0.020186376,0.009389469,0.021739289,0.015170271,-0.055555556
2019-01-30,0.014426673,0.006335713,-0.002328647,0.013018388,0.009655287,-0.022448773,-0.007102933,0.009302617,0.011489274,0.013699041,0.016806723
2019-01-31,0.005132624,0.017313583,0.056489552,0.025306496,0.010587322,0.003548893,0.019417588,0.004608438,-0.01135877,0.029483731,-0.004132231
2019-02-01,0.003829798,0.001161117,-0.012373188,0.004820518,0.003041614,0.014146181,-0.012030244,0,-0.021276748,-0.001670501,0.012448133
2019-02-04,0.007100445,0.022674305,0.022094713,0.018998363,0.029986586,0.032615155,0.009639861,0.041284231,0.033478332,0.020081406,-0.004098361
2019-02-05,-0.002420246,-0.042579626,0.000437642,0.029190183,-0.015374584,-0.01052813,0.009045269,0,0.03197296,0.011014528,0.008230453
2019-02-06,-0.037236349,-0.042105255,-0.047056192,-0.060933244,-0.02225921,-0.041758805,-0.027390325,0.030837035,-0.044027639,-0.001854589,0.012244898
2019-02-07,-0.002958223,0.003571157,0.015158869,0.0066251,0.039755388,0.001885557,-0.03225827,0.081196402,0.001705684,-0.003715619,-0.052419355
2019-02-08,0.007692275,0.021352652,0.01063302,0.001354999,0.04575163,0.0246758,0.011640307,0.122529723,0.015751522,-0.050116566,0.029787234
2019-02-11,-0.007742628,-0.01125699,-0.00581999,-0.029576704,0.001562509,-0.013877693,-0.017259261,0.024647913,-0.010896881,-0.006380567,-0.008264463
2019-02-12,0.016045709,0.023854658,0.020040131,0.061553864,0.0312013,0.012210459,0.003192964,0.051546187,0.050847348,-0.035564091,-0.004166667
2019-02-13,0.00162251,-0.022769867,-0.015452613,-0.022706034,0.028744242,-0.01533434,0.006896624,0.137255071,-0.024193283,-0.006401923,0.025104603
2019-02-14,0.018790476,0.026551473,0.0381165,0.051075412,0.005882265,0.026785737,0.013171684,0.106321824,0.049999818,0.001030767,0.081632653
2019-02-15,-0.003179934,-0.010293012,-0.006479505,0.001278674,-0.005847866,-0.005055428,-0.018720663,-0.09090919,0.003541855,0.03269829,0.150943396
2019-02-18,-0.011271778,-0.01599995,-0.022826006,-0.009852184,0.009411893,-0.016463587,0.001589714,-0.071428399,0,0.019446644,-0.078688525
2019-02-19,0.008603958,0.023034937,0.00845431,0.004237976,-0.018648029,0.031204779,-0.002645476,0.110769112,0,-0.011983286,0.007117438
2019-02-20,-0.006504596,-0.01271516,-0.016545582,-0.028256867,-0.032957286,-0.020240394,-0.0291776,-0.03047099,-0.023529573,-0.00990089,0.003533569
2019-02-21,0.004400601,0.018245345,0.008748413,0.004531798,-0.01443049,-0.008590809,0.010928849,-0.02857142,0.003614543,-0.002500338,-0.049295775
2019-02-22,0.009189998,-0.006485636,-0.008227988,0.009159862,0.018379936,-0.004538853,0.001081167,-0.035293983,0.012405195,0.008020263,0.025925926
2019-02-25,-0.007094504,-0.015275405,-0.010089922,-0.016387213,-0.005506227,-0.011813456,-0.007019512,-0.030487791,0.007509747,-0.018150124,-0.025270758
2019-02-26,0.003732601,0.003601464,0.017893769,0.005361916,0.00092285,-0.002097239,0.003262536,-0.015723098,0.007453958,-0.012408116,0
2019-02-27,-0.002975,-0.008832908,-0.011125796,-0.011428423,0.052550733,-0.01387138,-0.007046145,-0.025559224,-0.018691576,-0.009231322,-0.011111111
2019-02-28,-0.021206288,-0.018935907,-0.026327653,-0.025048181,-0.0116789,-0.037084339,-0.002183335,-0.016393261,-0.007936357,-0.011386903,0.029962547
2019-03-01,-0.00838319,-0.010648614,-0.01663976,0.0140317,0.001772635,-0.013501696,-0.000546967,0.033332959,0.004799841,0.048952509,-0.072727273
2019-03-07,-0.00032937,0.014064402,-0.000534905,-0.005714996,-0.031259372,-0.008301386,-0.016420378,-0.006451475,-0.044586163,0.013227102,0
2019-03-08,0.008786326,0.011887269,0.01387939,0.035098291,-0.004566237,0.0045248,0.051752921,0.012987075,0.038931144,0.020936413,-0.011764706
2019-03-11,0.029395809,0.032727428,0.040603197,0.030651211,0.007339646,0.03085575,0.019576675,0.038461383,0.040227599,0.037393893,-0.01984127
2019-03-12,-0.001586473,0.002166998,0.002898173,-0.005664627,0.017000554,0.003495768,-0.008821949,0.012345739,0.012890625,0.018604922,0.028340081
2019-03-13,0.009639788,0.010810898,0.009560137,0.015372916,0.010746307,0.02503814,0.0078535,0.036585221,0.015040465,0,0.011811024
2019-03-14,-0.003777159,-0.015775618,0.002201985,-0.00757,0.004134598,-0.006372096,-0.009870273,0.014706033,-0.012538084,-0.001598036,0.015564202
2019-03-15,0.006108499,-0.000271328,0.004174957,0.008558045,0.03529408,-0.006199294,0.002623504,-0.002898641,0.01962321,0.011433572,-0.011494253
2019-03-18,0.008897708,0.001629981,0.005251688,-0.007563164,0.028125072,0.003441653,-0.016221988,-0.011627964,-0.000377406,0.014922092,-0.03875969
2019-03-19,-0.003320181,-0.023331485,-0.021550062,-0.021375505,0.002486797,-0.00192921,0.01436177,0.005882537,-0.012835167,0.036311063,0.008064516
2019-03-20,-0.017801375,-0.022499929,-0.027140843,-0.022411991,-0.003858807,-0.012027501,-0.003670743,-0.01462003,-0.017208401,0.04148723,0
2019-03-21,-0.014202396,-0.017618578,-0.021953116,-0.020983284,-0.024073029,-0.031304324,-0.029999965,-0.005934591,-0.01556413,0.005573192,-0.04
2019-03-22,-0.029674249,-0.029505504,-0.035305062,-0.054375747,-0.009072872,-0.029174241,-0.01573543,-0.026865879,-0.046640506,-0.012931112,-0.020833333
2019-03-25,0.001108011,0.001490505,0.002181064,0.00713536,-0.000572321,0.015487832,0.02480724,0,0.009535871,0.070138159,-0.017021277
2019-03-26,0.017266254,0.010416954,0.006529711,0.023546499,0.037503657,0.003869715,0.004303429,0.027607581,0.003696076,0.104893175,-0.004329004
2019-03-27,-0.041453659,-0.033873431,-0.034598664,-0.055374443,-0.05905091,-0.045124838,-0.008569919,-0.014925209,-0.056465019,-0.018704044,0.004347826
2019-03-28,0.033144144,0.03963411,0.050771455,0.034913591,0.002639336,0.026597225,0.01566718,-0.006060794,0.036860633,-0.024343964,-0.004329004
2019-03-29,0.008679422,0.009677205,0.017053504,0.014577256,0.04913715,0.011103436,0.013297975,-0.006097751,0.011710565,0.023404016,0.017391304
2019-04-01,0.005881712,-0.007409647,0.008011157,0.009852229,0.009757632,0.020132577,0.023097004,0.009202742,-0.000413397,0.009261343,0.025641026
2019-04-02,-0.005630709,-0.015807764,-0.012835433,-0.008739957,-0.000552138,-0.013456008,-0.014879343,0,-0.005790096,0.039138423,-0.025
2019-04-03,-0.007296069,-0.008923411,-0.011239049,-0.01066214,0.017127009,-0.006137703,-0.00989586,-0.003039608,-0.000415781,0.012795102,0.017094017
2019-04-04,0.018758215,0.015006044,0.025859633,0.0120208,0.045627235,0.024473963,0.017885388,-0.003048875,0.018310232,-0.003736554,-0.029411765
2019-04-05,0.007429686,0.021584538,0.008310245,0.005734136,-0.016883109,0.02121019,0,-0.006116077,0.012260143,0.035006185,-0.008658009
2019-04-08,0.002351443,-0.006077588,0.001373751,0.001629129,0.003434784,-0.000705388,-0.001033674,-0.003077019,-0.026241653,-0.011216506,0.026200873
2019-04-09,-0.011516336,-0.005533502,-0.003840714,-0.015043722,-0.025013418,-0.012104041,-0.006725252,-0.018518446,-0.016169077,-0.001745414,-0.012765957
2019-04-10,-0.002265361,-0.001756578,-0.014321426,0.007430243,0.025925172,0.005569252,0.00260414,0.012578677,0.020227507,-0.018356474,-0.00862069
2019-04-11,-0.012001309,-0.023173817,-0.015926013,-0.00942445,-0.018162692,-0.014842665,-0.018701328,-0.006211373,-0.015282954,-0.020480897,-0.02173913
2019-04-12,-0.020463942,-0.010510939,-0.009085969,-0.033505784,-0.002144718,0.008769945,-0.019587037,-0.028124892,-0.01635908,0.003636473,0
2019-04-15,0.003351536,-0.000606418,-0.002292436,0.002782184,0.012627424,-0.00557295,0.028617744,0.038585395,-0.010660757,-0.014493189,-0.008888889
2019-04-16,0.013250217,-0.000911185,-0.001722697,0.020699847,0.000265412,0.016812495,0,-0.012383958,0.004310122,-0.003124401,-0.035874439
2019-04-17,-0.010989011,-0.015501765,-0.013809259,-0.013171545,0.00689657,-0.03064385,-0.01312346,0,-0.012875529,0.038170349,-0.013953488
2019-04-18,0.012888933,0.013584617,0.013710629,0.034957586,0,0.030702772,-0.005318975,0.006269457,-0.003043296,0.065542138,0.014150943
2019-04-22,0.000438712,-0.002741458,0.008345222,-0.01044019,0.001053769,0.015004478,0.008021187,0.009345758,0.010902568,0.060176453,0.018604651
2019-04-23,0.012829014,0.012828432,0.024257958,0.020066445,0.038157897,0.002608681,0.017506655,0,0.004745657,-0.019025252,0.00913242
2019-04-24,-0.008336094,0.001507668,-0.006686841,-0.020280086,0.005576564,-0.02103213,-0.014077172,-0.009259223,-0.014169373,0.019073452,-0.004524887
2019-04-25,0.014192184,0.015357324,0.011781087,0.016352653,0.005797908,0.01196009,0.009518937,-0.003115362,0.020906024,0.00503324,-0.013636364
2019-04-26,-0.002906405,0.002372085,-0.003049558,0.005091806,0.005764486,-0.000437506,0.011000398,0.012500062,-0.002559595,0.007824529,-0.013824885
2019-04-29,0.000971651,-0.007988349,-0.013070018,0.000405106,0.011711859,0.002846528,-0.006735764,0.033950702,0.010265055,-0.006211082,-0.018691589
2019-04-30,0.001725582,0.008947174,0.002536015,0.006279222,0.019211873,-0.017249316,0.014606088,0.011940356,0.033869696,0.013437647,-0.00952381
2019-05-02,-0.007751863,0.006654089,0.000561885,0.002214289,-0.012808033,0.006443268,-0.008226068,-0.032448454,-0.001485166,-0.018193096,0.014423077
2019-05-03,0.00477424,-0.009694722,0.010602055,0.005824293,-0.007344085,-0.009492257,-0.001555333,0.015244056,0.013141639,0.010521225,-0.033175355
2019-05-06,-0.010691113,-0.021951822,-0.026974449,-0.014177369,-0.006165264,-0.019389375,-0.020768395,-0.009008972,-0.004864275,-0.016006142,0
2019-05-07,-0.006876957,-0.011222114,-0.00628731,0.002430801,-0.004962808,-0.006817961,-0.012195319,-0.003030397,-0.010183401,-0.000473522,-0.029411765
2019-05-08,0.01242029,0.01134948,0.020707435,0.022226931,-0.006234554,0.020594634,-0.006977826,0.006078896,0.020576145,-0.013430571,-0.025252525
2019-05-09,-0.008033851,-0.012435588,-0.017469734,0.008697002,0.007277563,-0.017713019,-0.005945934,0.003021242,0.005645114,-0.019057884,-0.010362694
2019-05-10,-0.006238371,-0.004606573,-0.008890158,-0.017048881,0.04010962,-0.008445344,0.004894109,-0.003012142,-0.00200469,-0.031510709,0
2019-05-13,-0.027422962,-0.015736013,-0.024884357,-0.035685878,0,-0.023941164,-0.015151626,0.018126817,-0.023704384,-0.042480945,-0.015706806
2019-05-14,0.005095731,-0.00470235,-0.002967335,-0.009716465,-0.022994125,0.02594314,-0.001098927,-0.017804086,-0.016460877,-0.028169206,0.021276596
2019-05-15,-0.010027028,0.003149666,-0.010714213,-0.016492717,-0.019367423,-0.009884964,-0.028602791,-0.024168983,-0.029288702,0.023550598,0.005208333
2019-05-16,-0.014908444,-0.012872682,-0.011732834,-0.03120366,-0.001500092,-0.026003954,-0.006228943,-0.003096071,-0.033189552,0.044247981,-0.031088083
2019-05-17,0.002079482,0.001908501,0.007610079,-0.017309305,-0.018527714,-0.00309895,-0.009686614,0.055900396,-0.036359864,-0.020169675,0.005347594
2019-05-20,0.024095043,0.026031213,0.027190529,0.038350123,0.004591906,0.029889791,0.025891956,0.114706064,0.039831215,0.054661751,-0.010638298
2019-05-21,0.0265676,0.038676417,0.041176427,0.057118282,0.08075163,0.027629616,0.020751557,0.018469676,0.035150907,0.05297698,0.021505376
2019-05-22,-0.002522239,0.00089313,-0.01779642,9.91726E-05,0.022086418,-0.009263506,0.006593191,0.233160507,0.003918167,-0.01495332,0.078947368
2019-05-23,-0.005826726,-0.002083182,-0.004889457,0.001638547,0.010804622,-0.021892925,-0.000545528,0.155462167,0.0052039,0.019133265,-0.024390244
2019-05-24,-0.00199049,-0.014912045,-0.009826352,0.014724158,-0.006140548,-0.004429793,-0.016930697,-0.076363531,-0.016824919,0.002327528,-0.05
2019-05-27,0.013850416,0.003633162,0.014302096,0.019548504,0.011441524,0.022248263,0.013333146,0.053149393,0.019306838,0.014551495,0
2019-05-28,0.014754077,0.028054246,0.027625762,0.013046025,-0.018099467,0.017182254,0.007127207,0.014399766,0.033577358,0.045162807,-0.005263158
2019-05-29,0.002261712,0.018779446,0.019882434,-0.000975497,0.059907801,0.013288249,0.008165649,0.084112325,-0.017492941,0.016058477,0
2019-05-30,0.009671191,0.010368673,0.01839669,0.014648297,0.04369562,0.024672018,-0.004859634,0.196551626,0.00042385,-0.001580468,0.010582011
2019-05-31,-0.003937878,-0.002280849,-0.00242648,-0.001924965,-0.026661045,-0.008676814,-0.018990764,0.159942336,0.006356183,-0.03237861,0.340314136
2019-06-03,-0.001175265,0.00271591,-0.003243344,0.004628708,-0.000856004,-0.008752661,0.002212441,-0.118012376,0.012631536,-0.016954402,-0.0234375
2019-06-04,0.003423192,-0.001710893,0.005079685,0.016317986,0.000428324,0.000441448,0.020971173,0.007042235,-0.012473971,-0.031770031,-0.036
2019-06-05,-0.01236678,-0.019417364,-0.015384553,-0.027578373,-0.033397471,-0.021403395,-0.008107904,-0.05454537,-0.014736849,-0.069374909,-0.045643154
2019-06-06,0.011334229,0.010483431,0.021929647,0.025446832,0.037430838,0.008568287,0.00272489,-0.016272238,0.024795972,0.049193886,0.017391304
2019-06-07,0.005656943,0.010663012,0.000268543,-0.008145641,0.037574655,0.008271819,0.021195564,0.046616511,-0.000418355,0.016002751,-0.034188034
2019-06-10,-0.003927011,-0.012546068,-0.011799681,-0.009358352,-0.025720143,-0.019955641,-0.019159274,0,0.002092989,0.014332774,-0.017699115
2019-06-11,0.016728823,0.004909154,0.004613238,0.019857505,-0.001267237,0.00475122,0.006511032,-0.001436718,0.006683557,-0.004658097,-0.031531532
2019-06-12,-0.007964725,-0.005747347,-0.01161508,-0.008893573,-0.000845867,-0.006755247,-0.003773401,-0.021582825,-0.024066478,-0.032761288,0.088372093
2019-06-13,0.005070727,-0.017918953,-0.01093191,-0.015882022,-0.003597694,-0.013375716,0.006493415,-0.007352922,-0.034864021,-0.019354825,-0.047008547
2019-06-14,-0.006621789,0.00029417,-0.001657931,-0.017694102,-0.009345954,-0.003216815,0.000537798,0.054814856,-0.028634461,0.003289269,-0.00896861
2019-06-17,-0.002751053,-0.001177151,-0.002491302,-0.0009897,0.023799347,-0.000922079,-0.010209772,0.053370762,0.006802979,-0.029344137,0
2019-06-18,0.016127289,0.025920519,0.008601564,0.023380267,0.020942443,0.019150617,-0.001085497,0.051999919,0.028828621,0.01030211,-0.004524887
2019-06-19,0.008979848,0.01579114,0.012379927,0.016456781,0.017435828,0.009735202,0.013586753,-0.003802114,0.007005243,-0.002005832,0.013636364
2019-06-21,0.016454559,0.022611646,0.022554144,0.007809699,0.015120889,0.024663717,0.04075048,0.016539237,0.021304308,0.00820769,0
2019-06-24,0.00091628,-0.002211234,0.0079726,0.002456929,-0.010923435,0.004157588,0.001030594,-0.026282735,0.028097105,-0.008140872,0.00896861
2019-06-25,-0.019835185,-0.012465207,-0.008436833,-0.009238418,-0.006024132,-0.015907502,-0.02213081,-0.016709441,-0.026915065,0.004857814,0.057777778
2019-06-26,0.005085066,0.023842821,0.01249646,0.021693945,-0.010100985,0.013064444,-0.013157878,0.035294049,-0.0076595,-0.019336704,-0.021008403
2019-06-27,0.002271575,-0.006849171,-0.004726576,0.00204857,0.008979492,-0.003715739,0.013333317,0.073232234,0.007289713,0.033996342,0.008583691
2019-06-28,0.000412084,0.00027569,-0.004221477,0.002602362,0.02912632,-0.002632819,0.011578865,0.050588325,0.011068609,0.00339671,0.025531915
2019-07-01,0.003501143,-0.004552065,0.001664633,-0.001112376,-0.016312858,0.005719507,-0.011446329,0.080626909,-0.006315834,0.014611783,0.045643154
2019-07-02,-0.006977938,-0.003603599,0.003116863,-0.012806251,0.000799139,0.005249313,-0.009473729,0.099482006,-0.00635583,0.011326764,0.03968254
2019-07-03,0.033378145,0.017246354,0.017757529,0.020868471,0.018167306,0.011749378,-0.002125329,-0.048067892,0.010661055,0.031999896,-0.019083969
2019-07-04,0,0.011484827,0.017448119,0.016206381,0.034509746,0.02537627,0.030351521,0.01485155,0.024050536,0.103256015,-0.019455253
2019-07-05,0.00269997,0.011084245,0.00870245,-0.003262138,0.063495212,-0.005662755,0.002897127,-0.004878036,0.033786453,0.094435352,-0.007936508
2019-07-08,0.002892201,-0.002674107,-0.004567395,-0.00090884,0.011227966,-0.013193289,0,-0.011764797,-0.004782706,0.108628281,0.048
2019-07-10,0.013922047,-0.002680934,-0.004588162,-0.012557046,-0.007402272,0.001504745,0.018567583,0.002976162,0.019623418,-0.027797119,0
2019-07-11,-0.007355826,-0.001344185,-0.008450619,-0.019535444,0.033558229,-0.001931787,-0.027604306,-0.058357955,-0.010211753,-0.006433137,-0.019083969
2019-07-12,-0.011461279,-0.018572749,-0.018595302,-0.022556414,-0.003779342,-0.009677459,-0.003213564,-0.002100857,-0.018650857,-0.016546736,-0.003891051
2019-07-15,-9.997E-05,-0.002742932,-0.004210753,-0.005961878,-0.006725422,0.004994598,-0.025255296,-0.010526288,-0.009300481,-0.041697254,0
2019-07-16,-0.00139943,0.003850386,0.000264187,0.001547946,0.015625092,0.001944629,0.00220507,0.095744648,-0.013877515,0.060305566,-0.00390625
2019-07-17,0.001101101,-0.002740015,-0.00528355,0.000193286,-0.000170927,0.009273349,-0.001100019,-0.038835051,0.010761511,-0.021598244,0
2019-07-18,0.00689926,0.026648648,0.021779337,0.016994862,-0.009232344,0.025640951,0.01321567,0.015151687,0.011056475,0.000735706,-0.007843137
2019-07-19,-0.010923526,-0.02595693,-0.022614924,-0.012533158,-0.012597025,-0.027916604,-0.005978036,-0.012935371,0.004455173,0.022651302,-0.011857708
2019-07-22,0.004016084,0.017033142,0.013829741,0.000192022,-0.01520446,0.000214232,0.008201093,-0.020161342,-0.003628927,-0.000726154,0
2019-07-23,0.00099998,0.009724195,0.003410402,-0.01172834,-0.006388664,-0.005142432,0.003796049,-0.010288039,0.010117292,0.023255814,0
2019-07-24,0.002897113,-0.000802536,0.018823505,0.01809359,-0.006072489,-0.010768929,0.008643913,0.002079126,0.009615601,-0.026278322,0.012
2019-07-25,-0.015838191,-0.030789379,-0.058250049,-0.042232292,-0.013477017,-0.020248125,-0.027316377,-0.014522933,-0.013889076,0.009481984,-0.003952569
2019-07-26,0.0035425,0.017955494,-0.012806588,-0.002394138,0.004007127,0.011111016,0.007709216,0.013684262,-0.002816996,0.002167664,0.007936508
2019-07-29,0.004135108,0.004070508,-0.002207892,0.0089998,0.021226509,-0.007692218,0,0.002076644,0.014124301,-0.023792515,-0.015748031
2019-07-30,-0.004419395,-0.033243202,-0.020746906,-0.010108765,0.05418356,-0.031007762,-0.002185851,-0.015543895,-0.039792853,0.163220307,0.004
2019-07-31,-0.01150121,-0.026558731,-0.0254238,-0.014417321,0.00707794,-0.020571511,-0.018072264,-0.005263144,-0.025694266,0.044444504,0.059760956
2019-08-01,0.004592743,0.002155151,-0.008695653,-0.009549022,0.026271739,-0.002100475,-0.012827671,0.01481482,0.007230996,0.073556221,0.030075188
2019-08-02,0.003555816,0.00143331,0.002844835,0.000205007,0.009293942,-0.006314106,0.009039604,0.017726774,-0.01393583,-0.001698781,0.167883212
2019-08-05,-0.023385281,-0.013741712,-0.018086172,-0.018662816,-0.038772171,-0.014356292,0.021836446,0.088114694,-0.016702383,-0.034032919,0.30625
2019-08-06,0.020420866,0.03018884,0.015151557,0.013584255,0.052436902,0.009550962,0.047671399,0.134651725,0.040069645,0.001174298,0.172248804
2019-08-07,0.006196678,0.03691138,0.021071064,-0.001030758,0.01277548,0.028618774,-0.003661327,-0.058091303,0.016331686,0.021700987,-0.187755102
2019-08-08,0.013225623,0.00543493,0.004872423,0.007223819,0.020813654,0.027592472,-0.004199473,0.039647655,-0.00370827,0.106773768,0.052763819
2019-08-09,-0.001195725,-0.007567282,-0.016543021,-0.003073564,0.003514314,-0.012530576,0.017923171,-0.017796614,-0.013647566,0.057054111,0.059665871
2019-08-12,-0.02075014,-0.041394569,-0.020881441,-0.033916069,-0.027237286,-0.01518247,0.017607361,-0.004314142,-0.011320814,0.020608316,-0.009009009
2019-08-13,0.013854859,0.019602559,0.010070944,0.01170202,0.024959854,0.004141881,0.008142434,0.001733206,-0.022577198,0.062500064,-0.047727273
2019-08-14,-0.028838375,-0.022011992,-0.01964834,-0.034910464,-0.026381405,-0.030018398,0.005048146,-0.065744177,-0.027216848,0.063348361,-0.066825776
2019-08-15,-0.013140248,-0.002849019,-0.006879797,-0.000871722,-0.005932358,0.001653584,-0.041687744,-0.094444324,-0.014440389,-0.102127723,-0.079283887
2019-08-16,0.008073024,-0.002972411,0.002108415,-0.002617104,-0.008870932,0.005896283,-0.00576521,0.02249485,0.007325932,-0.066350661,-0.008333333
2019-08-19,-0.00395221,-0.004366711,-0.014427525,-0.019680763,0.038242416,-0.007502898,-0.0105429,-0.077000029,0.001363567,-0.053299411,-0.070028011
2019-08-20,-0.002401545,-0.01111086,-0.009758899,-0.000892308,0.026645843,-0.013701903,-0.0010655,0.058504995,-0.010893995,0.067560245,0.234939759
2019-08-21,0.020828951,0.007688008,0.019710414,0.057155675,0.013587779,0.010538842,0.00800001,-0.008188395,0.015603149,0.056253063,-0.12195122
2019-08-22,-0.012098852,-0.015845211,-0.012987173,-0.005411995,0.012200525,-0.012325337,-0.017460292,-0.008256105,-0.008133602,-0.014265273,-0.027777778
2019-08-23,-0.024182678,-0.011628064,-0.021725687,-0.036441663,-0.172618966,-0.01535849,-0.009693135,-0.042663852,-0.03234613,-0.035696939,-0.051428571
2019-08-26,-0.014571315,-0.000301669,-0.010322476,-0.004671788,-0.179496467,-0.008774174,-0.025557369,-0.081521537,-0.01318274,-0.02151089,-0.06626506
2019-08-27,0.010793308,0.011768607,0.012642589,-0.008046537,0.179745748,0.003688219,0.004464466,-0.008284026,0.006679559,0.012269978,0.035483871
2019-08-28,0.009930592,0.011332873,-0.005930193,-0.008337084,-0.018580483,0.010533873,0.011110921,0,0.005213185,0.04545465,0.012461059
2019-08-29,0.024106565,0.005308217,0.01883824,0.024312549,0.060393738,0.029576037,0.005494592,0.032219384,0.026402664,-0.009662183,0.104615385
2019-08-30,0.007743134,-0.004400106,0.015408313,0.025732132,0.018568276,0.000941684,0.004917955,0.128323808,0.039503804,-0.031706987,-0.061281337
2019-09-02,-0.008708114,-0.012527765,-0.010318556,-0.012759441,0.030674695,-0.011761865,-0.01468184,-0.011270633,-0.026071593,0.015113129,0.017804154
2019-09-03,-0.00888797,-0.019104365,-0.016345622,-0.018620046,-0.042516903,-0.021423341,0.022626963,-0.048704564,0.014972951,-0.011910558,-0.026239067
2019-09-04,0.015328477,0.006999273,0.012476452,0.023660488,-0.009946671,0.016540838,-0.005396621,-0.005446609,-0.003129321,-0.011049848,-0.008982036
2019-09-05,0.010989,0.02840707,0.02310535,0.034889096,-0.017043534,0.028236417,0.017362924,0.003285953,0,0.002539452,-0.009063444
2019-09-06,0.007009295,0.033500432,0.041854886,0.040665853,-0.030844987,0.023970213,-0.000533435,-0.007642037,0.027354187,-0.022796406,0.00304878
2019-09-09,0.002017603,0.024452462,0.012716776,0.012350716,-0.047834219,0.015681694,-0.019743781,0.078107908,0.032736882,-0.050284924,-0.003039514
2019-09-10,-0.001409443,-0.019428428,-0.01769416,-0.016800015,0.013449355,0.004251687,-0.014153473,0,-0.027895214,-0.044759809,-0.021341463
2019-09-11,0.00564571,-0.004528361,-0.004357901,-0.023800036,0.044886756,-0.014482992,0.013252278,0.02346941,0.015652324,0.067999736,0.046728972
2019-09-12,0.006115298,0.006254978,-0.010796465,0.005087474,0.025588397,0.008365091,-0.003269605,-0.022931228,-0.030393968,-0.004815486,-0.026785714
2019-09-13,-0.007772011,0.013563119,-0.012979509,-0.017916808,0.001456902,0.013453183,-0.002187105,-0.035714297,-0.024282674,-0.009139659,-0.03058104
2019-09-16,0.002209289,-0.017842047,-0.013149822,-0.010394456,-0.009456309,-0.015929146,-0.007123269,0.003174463,-0.042986386,0.044492667,-0.006309148
2019-09-17,0.009619228,0.003690016,0.026650463,0.013933456,0.017991516,0.013489065,0.002207564,0.011603522,0.039243419,-0.009870076,0.012698413
2019-09-18,-0.001290244,-0.003110744,0.002949734,0.015222132,0.024887334,-0.008429507,0.002202522,-0.0500522,0.073703432,0.020461705,0.006269592
2019-09-19,-0.001888055,-0.016737673,-0.012058756,-0.026030894,0.019883849,-0.00917245,-0.000549375,-0.012074567,0.027542543,-0.001542441,-0.018691589
2019-09-20,0.003185982,0.002596468,0.017564659,0.015822088,-0.008454017,0.000226003,-0.004398018,-0.065555543,-0.014020597,0.014418146,-0.003174603
2019-09-23,0.000198462,-0.003165471,0.002048109,-0.004841157,-0.00817831,-0.008803777,-0.001656557,0.016646731,-0.012965471,-0.01218278,0.015923567
2019-09-24,-0.007739621,-0.010392296,-0.012846655,-0.030456676,-0.001754281,0.002049795,-0.006084022,-0.023391632,-0.032203437,-0.017985637,-0.015673981
2019-09-25,0.00449997,0.011668579,0.006507011,-0.006544359,0.007205631,0.012727257,0.001669524,-0.026347383,-0.01926429,0.004709651,0.006369427
2019-09-26,0.009756128,0.028834788,0.014399011,0.003732618,0.021462245,0.00987438,0.005555521,0.044280402,0.004464195,0,0.123417722
2019-09-27,-0.001873233,-0.004203875,-0.00057938,-0.008094222,-0.007345406,0.018444533,0,0.011778654,0.006222279,-0.008854201,-0.070422535
2019-09-30,-0.00227179,-0.014072762,-0.016811786,0.003308118,0.00739976,-0.008073447,-0.011049776,-0.009313347,-0.003975215,-0.007882416,-0.027272727
2019-10-01,-0.009405049,-0.022704396,-0.01356134,-0.011870744,-0.01264097,-0.009898852,-0.016759675,-0.024676618,-0.00798216,-0.028723023,-0.003115265
2019-10-02,-0.029082511,-0.027469251,-0.038655369,-0.034037805,-0.026297647,-0.027771697,-0.024431939,-0.025301335,-0.016987312,-0.043122299,0.003125
2019-10-03,0.005867205,0.000300261,0.002799036,0.043067799,-0.03784635,0.014625452,0.018054751,-0.011124868,-0.009549572,-0.047347286,0.003115265
2019-10-04,0.00992633,0.004806574,0.010235764,0.006844877,-0.042843971,0.004279253,0.001144195,0.010000078,-0.01423334,-0.03832338,-0.01552795
2019-10-07,-0.019150866,-0.0185351,-0.006447688,-0.039473809,-0.023345664,-0.023996261,-0.028571379,-0.009901066,-0.031206383,-0.034869407,-0.012618297
2019-10-08,-0.006714886,-0.004264528,-0.000926945,-0.018036534,0.016396696,0.001608343,0.002941094,-0.017499877,-0.011057645,-0.001935211,0.003194888
2019-10-09,0.014040541,0.015907005,0.028456698,0.027668273,0.014188504,0.03227207,0.008797664,-0.012722612,0.03597458,0.08274084,-0.003184713
2019-10-10,0.005948738,0.007226848,0.011428396,0.004524687,0.029129936,0.020124998,0.02034865,-0.007732152,-0.00140745,-0.038806088,-0.006389776
2019-10-11,0.019269973,0.012854938,0.011299447,0.018693672,0.020670536,0.006576123,0.002849296,0.009090913,0.023966072,0.04968957,0.035369775
2019-10-14,0.00380111,0.016824087,0.014113618,-0.005085219,0.016785163,0.015461782,0.011363442,0.010296091,0.003671397,0.046745404,-0.02173913
2019-10-15,0.002292018,-0.002322272,0.008118412,-0.013777782,0.015431621,-0.011366111,0.002809033,-0.00636941,-0.005487003,-0.027699291,-0.006349206
2019-10-16,0.008152714,0.014256587,0.023870969,0.013970261,0.028273444,0.018438245,0.024089698,-0.019230718,0.011953906,-0.015697923,0.003194888
2019-10-17,-0.003451667,-0.00602447,-0.016853938,-0.001999878,0.00292148,-0.013205621,-0.007111757,0.101960752,0.002271597,-0.003543863,0.015923567
2019-10-18,-0.002968857,-0.011832187,-0.007674875,0.025606797,-0.002741622,-0.013166212,0.008264594,0.018979857,0.000453528,-0.004149151,-0.012539185
2019-10-21,0.012406948,0.016354867,0.007102516,0.007381749,0.007044752,0.007873956,0.002732164,0.023282703,0.003624663,0.011309187,0
2019-10-22,0.012156843,0.031035187,0.028504106,0.021551606,0.00307102,0.033203158,0.006539506,-0.00796348,0.011286815,-0.001176997,0.034920635
2019-10-23,0.001549826,0.01421328,0.00857151,0.00421948,0.045756126,0.023944386,-0.003790001,0.063073228,0.006696446,-0.011196254,0.027607362
2019-10-24,-0.003868491,0.004671739,-0.001133128,-0.006302731,0.044241995,0.003897406,-0.003260838,-0.002157402,0.011973392,-0.013706664,-0.029850746
2019-10-25,0.003592262,0.006564451,0.013046264,0.009090982,0.000778866,0.012055599,0.00109072,-0.016216062,-0.003067412,0.017522562,-0.003076923
2019-10-28,0.005610854,0.013587159,0.036113932,0.022208214,0.00062262,0.004239956,0.011437826,0.004395524,0.013186695,0.009501105,-0.012345679
2019-10-29,-0.004328976,-0.017694126,-0.013780327,-0.002664436,-0.011510445,-0.016485817,-0.009693135,-0.007658646,-0.002169203,0.015294276,0.00625
2019-10-30,0.00763286,0.006277075,0.004657747,0.015618581,0.008339991,-0.018397271,-0.008700317,0.018743082,0.003913044,0.01853999,-0.00621118
2019-10-31,-0.010163947,-0.017358408,-0.040905362,-0.025697925,0.019818985,-0.01790924,-0.010422389,-0.019480446,-0.03161548,-0.025028351,-0.009375
2019-11-01,0.010074532,0.003727969,-0.00852994,-0.003946209,0.006426747,0.000424059,0.033813772,0.015452313,-0.001789005,-0.00933516,0.025236593
2019-11-04,0.003452575,0.003300686,0.001068725,-0.005629716,0.003041093,0.003815243,-0.00911532,0.03260884,0.003584423,-0.015900957,-0.009230769
2019-11-05,0.000382309,0.017274671,0.013470812,0.006290652,0.021070157,0.012668935,-0.017315948,-0.015789432,-0.00892839,-0.006583043,-0.00310559
2019-11-06,-0.003057228,-0.013477225,-0.005373233,-0.006668034,-0.015439442,-0.009799886,0.028083517,-0.011764741,0.007206926,0.015662631,0
2019-11-07,0.009199809,0.006011236,0.002559113,0,0.007690028,0.001052768,-0.011783342,-0.011904798,-0.015652942,-0.056939197,0.028037383
2019-11-08,-0.018136891,-0.014937594,-0.028928012,-0.014054964,0.016459607,-0.016617549,-0.001084099,-0.016429539,-0.001817454,-0.032704542,-0.006060606
2019-11-11,0.008123752,0.004411278,-0.002336346,0.005106502,-0.01162958,-0.002780807,0.003798049,0.013363367,-0.017751309,-0.022106661,-0.018292683
2019-11-12,-0.017171921,-0.017018759,-0.009367902,-0.011007575,-0.008936565,-0.018017918,-0.014594542,-0.045055118,-0.006520901,-0.079122247,0.034161491
2019-11-13,-0.00078081,-0.010053224,-0.010342723,-0.016481331,-0.032311458,-0.018785706,-0.003291246,-0.024165718,-0.025495643,-0.036101013,-0.051051051
2019-11-14,0.001758328,0.00648824,-0.004180375,0.012187187,0.036962265,0.01157638,0.00935594,0.040094409,0.0024225,0.116104566,0.009493671
2019-11-18,-0.005363267,-0.004484428,-0.006596547,0.000429944,0.002246475,0.009903157,-0.007088313,-0.015872904,-0.010149805,0.002013545,-0.003134796
2019-11-19,-0.000392167,-0.010979638,-0.001811212,-0.015903794,0.02361045,-0.011767207,0.008786436,0.003456068,0.000976405,-0.016744879,0.003144654
2019-11-21,0.015103972,0.010248149,0.005745132,0.012885035,0.024963449,0.009481727,0.003810573,0.010332972,0.016097695,0.021117488,0.003134796
2019-11-22,0.010628,0.006761719,0.01653672,0.015973939,0.009400426,0.006989881,-0.005423079,0,-0.002880484,0,0.009375
2019-11-25,-0.003346061,-0.014273334,-0.005028255,-0.003208406,-0.01326376,-0.005639837,0.010359998,-0.022727214,-0.001444457,-0.039359866,-0.00619195
2019-11-26,-0.007769765,-0.020443026,-0.021402869,-0.012875637,-0.037179978,-0.017452161,-0.027522874,-0.023255873,-0.035679923,-0.048610981,-0.003115265
2019-11-27,0.002320166,0.005797146,0.016706995,0.029130412,0.017377072,-0.011101143,0.003329541,0.042857229,0.009500136,0.02481755,0
2019-11-28,0.006751514,-0.002881806,-0.007768142,0.005492143,0.000729913,-0.005837471,0.006637104,0.027397234,-0.001981083,0.039886013,0
2019-11-29,-0.000287402,0.005780239,0.004817759,0.004411996,0.014296102,-0.001806635,0.010988945,0,-0.000992676,0.031506962,0.05
2019-12-02,0.004408242,0.014229945,0.00659281,-0.007948266,-0.00661596,0.008597193,0.001087222,0.005555541,-0.006458132,-0.003984305,0.026785714
2019-12-03,0.001812823,0.000283832,0.00349264,0.02024026,-0.007962786,-0.002691779,-0.003257356,0,-0.003999977,0.012666696,-0.043478261
2019-12-04,0.010476171,0.035987807,0.025823485,0.014465998,0.021015722,0.009896554,0.009803648,-0.005524847,0.014056455,0.020408074,0.027272727
2019-12-05,0.003204562,-0.001367839,0.004050779,-0.008555803,0.009005034,0.011135857,0.007011907,0.004444479,0.011386063,0.012903164,0.017699115
2019-12-06,0.004603514,-0.018077254,-0.011239171,-0.004109348,0.046465735,-0.01696037,-0.012854666,0.015486615,-0.003916008,0.01210194,0.084057971
2019-12-09,-0.001496334,0.0195259,0.008452435,0.003094553,0.038851852,-0.003584933,0.012479541,0.004357446,0.011793655,0.006922379,-0.029411765
2019-12-10,-0.001779479,-0.014501314,-0.003468201,-0.014397228,-0.034010946,0.001798916,0.01339762,0.008676743,-0.004371036,-0.023749684,0
2019-12-11,0.001595027,-0.011659712,-0.005800487,-0.001460829,-0.016862283,-0.005162719,0.003172894,-0.002150554,-0.001463427,0.014724766,0.011019284
2019-12-12,0.010304431,-0.000280809,0.013418981,0.025929827,0.025247068,-0.001579401,0.026884613,0.002155189,0.017098114,-0.053627831,0.013623978
2019-12-13,0.004265183,0.021308351,0.01960352,-0.0077693,-0.000267771,0.006327775,-0.006160161,0.034408532,-0.010566526,0.008000082,-0.005376344
2019-12-16,-0.0054473,-0.022858964,-0.017528672,-0.013599835,0.002007994,0.016168754,0,-0.00727651,0.005825071,0.011904884,0.037837838
2019-12-17,0.006405524,0.015219901,0.018426364,0.0225611,0.00200408,-0.003535913,0.011363827,0.005235697,0.008687277,-0.016340133,-0.018229167
2019-12-18,0.016142422,0.012770679,0.027857675,0.034525051,-0.005733335,0.03304512,-0.001021589,-0.001041729,0.013875659,0.001993477,-0.039787798
2019-12-19,0.005991249,0.004934182,0.018440931,0.010268483,0.018774337,0.004937625,0.015848675,-0.007299272,-0.010854213,-0.012599498,0.005524862
2019-12-20,0.000180437,-0.004364493,-0.00713898,-0.001954576,-0.005265191,0.009613416,0.006542509,-0.002100857,0.001431363,0.003358095,0.005494505
2019-12-23,0.00748829,0.009315219,0.006163925,0.03016053,-0.018525954,-0.001057986,0.005999996,0.018947406,0.024297162,-0.012048315,0.035519126
2019-12-26,0.010208651,0.015201031,0.012531406,0.011407005,0.019954281,0.017580923,0.002485237,0.072313964,0.009302456,0.033875481,0.063324538
2019-12-27,-0.005673256,-0.002674045,-0.003850475,-0.004323298,-0.012029124,0.005620427,-0.004462326,0.027938411,0,-0.008250587,-0.012406948
2019-12-30,-0.008380093,-0.005361924,-0.001380265,-0.00283196,0.011506558,0.02049265,0.005478207,-0.006560452,-0.002304166,0.041042234,0.055276382
2020-01-02,0.027060999,0.025482131,0.037047673,0.018553588,0.002777779,0.035294068,0.030300376,0.026415103,0.0272518,0.001275398,0.142857143
2020-01-03,-0.003851497,-0.010518151,0.000459947,-0.001672861,0.002901991,-0.00058781,0.022167371,0.043198529,-0.006744659,0.017834551,-0.03125
2020-01-06,-0.01063275,-0.014881619,-0.017862121,-0.013219216,-0.001446824,-0.028791407,-0.006264998,0.022907483,-0.001810789,0.079474117,-0.038709677
2020-01-07,-0.003108607,-0.023199417,-0.01737271,-0.007547105,0.003989689,-0.002104839,-0.012609043,-0.000861199,0.004535082,0.016232027,0.029082774
2020-01-08,-0.002583758,-0.016293772,-0.015469449,-0.009125479,-0.008862452,-0.007804225,-0.002946977,-0.008620845,-0.021670303,-0.008556693,-0.017391304
2020-01-09,-0.00259038,-0.019932589,-0.015993282,-0.020337616,0.006806444,-0.018920036,0,0,-0.012921143,-0.006904572,-0.006637168
2020-01-10,-0.003403233,-0.008880391,-0.018249289,-0.023501771,0.014050848,-0.004333664,-0.000985212,-0.006956395,-0.021972907,0.031286421,-0.020044543
2020-01-13,0.01617544,0.013294991,0.010746544,0.011231635,0.002614235,0.012404719,0.014792804,0.024518303,0.010994139,0.010673891,0.036363636
2020-01-14,0.002122374,0,-0.001149248,-0.005355119,-0.019035132,-0.013757431,-0.009232276,-0.01709406,-0.00283669,-0.010561162,-0.00877193
2020-01-15,-0.010060007,-0.012264815,-0.017549211,-0.018345054,-0.008506092,-0.013513536,-0.014713157,0.00869581,-0.015173085,0.014606636,0.002212389
2020-01-16,0.001515404,0.002021587,0.014348637,0.00446882,-0.012734473,-0.001988603,0.007964242,-0.003448302,0.000963098,0.060354219,-0.006622517
2020-01-17,0.015576324,0.006916386,0.023383326,0.013549051,0.040461572,0.020810237,0.064691241,-0.006920558,0.012986792,-0.028720613,-0.015555556
2020-01-20,0.002716968,-0.020320399,-0.019463856,-0.006384752,-0.001696458,-0.008674917,0.019944491,-0.020034773,0.002374081,0.002688259,0.002257336
2020-01-21,-0.015383288,-0.021326411,-0.03337183,-0.028915522,0.004967202,-0.038722294,0.023647215,-0.048888943,-0.019895629,-0.013404936,-0.004504505
2020-01-22,0.012871691,0.005969979,0.003571501,0.007857817,-0.012486934,-0.009786252,-0.005775295,-0.00934577,0,-0.001630455,-0.011312217
2020-01-23,0.009728317,0.023739068,0.026393831,0.056216435,0.032665912,0.021834251,0.034852532,0.003773516,0.033832719,0.001633118,0.052631579
2020-01-24,-0.010502552,-0.007536344,-0.007512331,-0.013208867,-0.003061067,-0.007197517,-0.005613162,-0.024436086,-0.002805072,-0.018478107,0.010869565
2020-01-27,-0.032543851,-0.02161206,-0.022998554,-0.00984261,-0.040174125,-0.0036248,-0.023013371,-0.026974962,-0.029067123,-0.058693404,-0.107526882
2020-01-28,0.018224698,-0.000298633,0.001191885,0.008151101,0.002665973,-0.012733259,0.008444313,-0.025742467,0.006277104,-0.002941272,-0.026506024
2020-01-29,-0.012644755,-0.015526975,-0.014285762,-0.024650059,0.002526,-0.022800369,-0.014984567,0.00203243,-0.011516086,-0.011209164,0.024752475
2020-01-30,0.00279586,0.014558605,0.009963918,0.006874254,-0.020421692,-0.005184925,-0.015659848,-0.025355114,-0.004854518,-0.026253003,-0.004830918
2020-01-31,-0.020595377,-0.018834012,-0.0167415,-0.025301068,0.005414841,-0.009713372,-0.013181928,0.011446555,-0.019999836,-0.022059093,0.007281553
2020-02-03,0.013957722,0.002895989,0.006384996,0.00494431,0.01629195,0.006937761,0.047904207,0.026749073,0.00348418,0.036967754,0.01686747
2020-02-04,0.00715451,0.007902805,0.000521339,-0.010865196,-0.006491832,-0.00095042,0.003076893,-0.015030228,0.001488164,0.021147989,0.023696682
2020-02-05,0.0050355,0.006031085,0.019335178,0.044559503,0.045739378,0.008323436,0.040753835,0.057985844,0.031698898,0,-0.023148148
2020-02-06,-0.007336495,-0.002397903,-0.011558859,-0.016865003,-0.005228078,-0.015330112,-0.051789494,-0.019230719,-0.029284763,0.011242503,-0.011848341
2020-02-07,-0.014420902,0.012920623,0.011394277,0.001009076,-0.012562528,-0.003592963,-0.025310772,-0.006862849,-0.035113648,-0.041544627,-0.002398082
2020-02-10,-0.005121143,0.016909168,0.010673297,-0.009879027,-0.045826305,0.024759706,-0.032346305,-0.035537875,-0.00563818,-0.053113646,-0.038461538
2020-02-11,0.023071992,0.023045448,0.008800189,0.045001033,0.037278955,0.016654986,0.014595058,0.063459528,0.023195776,0.034816091,0.0325
2020-02-12,0.010332381,-0.003992172,-0.013376309,0.005845852,0.03475847,-0.007614275,0.006032521,0.005774728,0.002015187,0.035514083,0
2020-02-13,-0.01378386,-0.015459361,-0.019156761,-0.015497965,0.034732002,-0.035108106,-0.002767451,0.004784776,-0.019607777,-0.035499352,-0.012106538
2020-02-14,-0.007394049,-0.016865406,-0.022536063,-0.019086971,-0.052186693,-0.01060234,-0.018964076,-0.013333436,-0.022051404,-0.002495101,0
2020-02-17,0.006540707,-0.009168899,-0.008300106,-0.015045155,-0.002455806,-0.003653237,0.011315556,-0.00448159,0.019402363,-0.00625411,0.00245098
2020-02-18,0.003068556,0.004178675,-0.004092421,0.009572315,-0.033687433,-0.004888851,-0.027554581,0.009852178,-0.004629725,-0.018879841,0.012224939
2020-02-19,0.008457828,0.014268942,0.014343519,0.002420743,-0.01649239,0.0154755,0.02805517,0.00487803,0.019638288,-0.015394286,-0.02173913
2020-02-20,-0.016773777,-0.003516629,-0.014448337,-0.010263565,0.004771645,0.001451402,0.003700235,-0.03592227,-0.022301018,0.007817488,-0.007407407
2020-02-21,-0.006805808,-0.024966969,-0.007797875,0.000813343,-0.022795049,-0.022222442,-0.013363977,0.011077643,0.004147085,-0.00064655,0.014925373
2020-02-27,-0.093650071,-0.049265362,-0.057843294,-0.061317224,-0.06984179,-0.041996007,-0.083138716,-0.100597652,-0.08828082,-0.062095718,-0.105392157
2020-02-28,0.014112914,0.029932259,0.0186851,0.023367702,-0.017614632,0.002320808,0.017829838,-0.003322269,0.02774642,0.055862134,-0.002739726
2020-03-02,0.023757456,-0.003282706,0.01342953,0.006188649,0.006078204,0.001543743,-0.008508545,0.012222219,0.036363497,0.006531496,0.038461538
2020-03-03,-0.012039985,-0.018193117,-0.025959895,-0.02926852,-0.028394447,-0.010274862,-0.020696679,-0.037321544,-0.040404075,-0.021414541,-0.010582011
2020-03-04,0.013267794,0.009584473,0.010956147,0.001092609,0.025338049,-0.004152797,-0.00515458,0.003420762,-0.011080174,-0.007294586,-0.016042781
2020-03-05,-0.041804045,-0.034177002,-0.032840824,-0.059144569,-0.069284374,-0.018503869,-0.049222818,-0.070454584,-0.061624773,-0.084168179,-0.048913043
2020-03-06,-0.044437686,-0.02129772,-0.028522862,-0.018789045,-0.079654639,-0.034785085,-0.019073556,0.022004826,-0.013731188,-0.08460979,-0.065714286
2020-03-09,-0.123940728,-0.069300217,-0.072002689,-0.110401864,-0.150619531,-0.107290151,-0.106666698,-0.193779968,-0.136803962,-0.227091551,-0.128440367
2020-03-10,0.07170496,0.024820099,0.024105237,0.052617433,0.044800984,0.035130878,0.038557241,0.034124679,0.150070174,0.146391574,0.045614035
2020-03-11,-0.07412839,-0.081432074,-0.080911978,-0.086341699,-0.114279979,-0.083060333,-0.057485079,-0.065997077,-0.009479514,-0.109712323,-0.093959732
2020-03-12,-0.145747018,-0.098204056,-0.134053527,-0.132151341,-0.26863319,-0.134740204,-0.113722965,-0.336405382,-0.128750024,-0.202020085,-0.162962963
2020-03-13,0.133951502,0.110593118,0.1686691,0.167679949,0.278940923,0.12457768,0.096774203,0.462962669,0.090387488,0.263291208,0.044247788
2020-03-16,-0.139514358,-0.091949456,-0.142744268,-0.166894988,-0.150216671,-0.119452665,-0.14967321,-0.17563308,-0.103947329,-0.179358907,-0.152542373
2020-03-17,0.038011666,0.058823583,0.080258511,0.048355125,-0.008498637,0.045850579,0.036894605,-0.007677436,0.085902946,0.025640978,-0.02
2020-03-18,-0.084366169,-0.069444494,-0.116567251,-0.165045276,-0.085714242,-0.065579563,-0.136397217,-0.042553183,-0.143339969,-0.178571159,-0.219387755
2020-03-19,-0.000153853,-0.025586459,0.002900006,-0.03908323,0.032812386,-0.016673141,0.034334647,-0.040404088,0.004735417,0.043478356,0.058823529
2020-03-20,-0.003538508,-0.035010848,-0.072771077,-0.03793507,-0.08290455,0.009463578,-0.02489625,0.06315808,-0.061272554,0.180555096,0
2020-03-23,-0.056044437,-0.069387854,-0.08160064,-0.10040646,-0.138568182,-0.050390626,-0.06127663,-0.128712957,-0.094560651,0.058823676,-0.043209877
2020-03-24,0.102388013,0.096491233,0.150537797,0.171260715,0.248563623,0.134101239,0.045330986,0.102272788,0.073937147,0.098889222,0.012903226
2020-03-25,0.064243336,0.048888896,0.074766254,0.119984565,0.049386555,0.071091803,0.170858683,0.144329951,0.03786576,0.023255587,0.267515924
2020-03-26,0.039592874,0.027542343,0.021052681,0.05029278,0.088278339,0.021672874,0.048888886,0.019819629,0.032338291,0.169960681,-0.005025126
2020-03-27,-0.058334437,-0.052783417,-0.064993667,-0.073794786,-0.022293737,-0.097447807,-0.022598839,-0.077738504,-0.020883374,-0.043074593,0
2020-03-30,0.024921674,0.049630068,0.031160271,0.026558214,-0.008791241,0.035622533,-0.01517343,-0.042145391,0.011484572,-0.045895801,-0.03030303
2020-03-31,-0.036404098,-0.042306439,-0.034402666,-0.037944069,-0.067627529,-0.042553231,-0.028613379,-0.054000147,-0.032441065,-0.020351685,-0.005208333
2020-04-01,-0.016870916,-0.072589099,-0.043813431,-0.042309191,-0.108204538,-0.08370384,-0.037009167,-0.033826592,-0.062028494,-0.032822056,-0.115183246
2020-04-02,0.02126719,0.004672786,0.005404975,0.011606114,0.063666643,0.031123856,-0.026666533,-0.01969371,0.005362026,0.023483232,0.023668639
2020-04-03,-0.039207168,-0.039069908,-0.037092355,-0.056254574,0.012535334,-0.064680574,-0.049153907,-0.071428474,-0.011555613,-0.108986654,-0.01734104
2020-04-06,0.069805648,0.073572368,0.094742062,0.092549249,0.089445928,0.095557394,0.072881248,0.079326653,0.071942334,-0.009656639,0.235294118
2020-04-07,0.027106357,0.036970277,0.037565772,0.047020737,0.070738511,0.046671814,0.048183343,0.006681762,0.008389226,-0.002167134,0.204761905
2020-04-08,0.030199986,0.051304223,0.02658085,0.019197639,0.066065377,0.013523408,-0.016578802,0.059734454,0.041597533,0.011943817,0.304347826
2020-04-09,-0.011356133,-0.028122407,-0.000446446,-0.002690758,0.039074137,-0.005409217,0.04214573,0.068893297,0.050319366,0.008583859,0.012121212
2020-04-13,0.014558514,0.021276444,0.025904582,0.019898803,-0.035928175,0.025743285,0.00514696,0.06640652,0.007604615,0.021276207,0.005988024
2020-04-14,0.01171668,0.012500179,0.010927343,-0.000992137,0.005217414,-0.003181369,0.019751329,0.064102495,0.026415106,0.020833588,-0.014880952
2020-04-15,-0.010409825,-0.037036966,-0.028896441,-0.018536821,-0.011863664,-0.045390144,0.009325536,-0.01893287,-0.041911902,-0.031632848,-0.033232628
2020-04-16,-0.014727192,-0.025213812,-0.025853468,-0.028667843,-0.009004397,-0.038632962,-0.010660822,0.005263173,-0.016116646,-0.041095947,0
2020-04-17,0.014279995,0.017974569,0.019529154,0.027083358,0.02978294,0.023956641,0.011494198,0.005235617,0.013260553,0.013186908,0
2020-04-20,-0.004473632,-0.024978517,-0.032416609,-0.01994593,-0.02328431,-0.020754683,-0.009232963,-0.010416696,-0.019245535,0.030369198,-0.034375
2020-04-22,0.026962634,-0.011925655,-0.003553056,-0.004484266,0.058720222,-0.021194736,0.043010723,-0.015789519,0.018838294,0.005262903,-0.022653722
2020-04-23,-0.01351345,-0.014305114,-0.014264079,-0.028066516,-0.037686708,-0.014566779,-0.020618543,-0.037433082,-0.023112297,0.038743541,-0.033112583
2020-04-24,-0.055316346,-0.05306106,-0.078036141,-0.133689945,-0.080049215,-0.063523794,-0.066666622,-0.075925889,-0.063880343,-0.092742068,-0.058219178
2020-04-27,0.039773468,0.033045972,0.029148171,0.05720181,0.075234295,0.043515286,0.012781929,0.022044082,0.025273974,0.0333334,0.054545455
2020-04-28,0.039978775,0.082522051,0.087690612,0.134293417,0.090637469,0.112837283,0.065330334,0.049019612,0.035332823,0.038709623,-0.020689655
2020-04-29,0.024010178,0.013276063,0.033550274,0.014413136,-0.001369909,0.036737793,0.012543561,0.028037271,0.045238063,0.008281424,0.017605634
2020-04-30,-0.037041669,-0.037616205,-0.072189975,-0.035859267,-0.044124341,-0.043231716,-0.016517509,-0.085454546,-0.047836127,-0.041067644,-0.038062284
2020-05-04,-0.014376389,-0.038013644,-0.131260619,-0.025964985,-0.014350626,-0.046666786,-0.062981135,-0.019880638,-0.036682567,-0.016059828,0.064748201
2020-05-05,0.005781906,0.037003375,0.001037867,0.001441146,0.001941308,-0.023309986,0.001493635,0.00608521,0.009933769,0.021762718,-0.027027027
2020-05-06,-0.004442174,-0.020264318,-0.020764717,-0.029136831,-0.043351884,-0.009148666,-0.027591315,-0.022177413,0.009016327,-0.009584651,-0.010416667
2020-05-07,-0.010498622,-0.035971406,-0.042968838,-0.027046944,-0.055443082,-0.040144624,-0.027607375,0.002618971,-0.040617303,-0.033333215,-0.031578947
2020-05-08,0.02692305,0.041044897,0.044898055,0.031987597,0.002948169,0.032055802,0.017350213,-0.006172789,0.046570644,-0.017797563,-0.003623188
2020-05-11,-0.016660222,0.002688267,-0.015067025,0.00627325,-0.009085955,0.010642629,-0.058139658,-0.004140753,-0.032362502,0.002264964,-0.010909091
2020-05-12,-0.014972406,-0.034405946,-0.031161557,-0.035203717,-0.015911323,-0.058728192,-0.020576119,-0.012474122,-0.062708906,-0.022599139,-0.029411765
2020-05-13,0.002000027,-0.000462257,-0.008771831,-0.028886411,0.029048827,-0.011187583,0.008403446,-0.03368415,-0.011596847,0.032370058,-0.03030303
2020-05-14,0.014637365,0.043981187,0.054867345,0.043053,0.015179779,0.041775349,-0.018333392,0.047930334,0.005415159,0.017917147,0.0234375
2020-05-15,-0.022163961,-0.040798503,-0.043064899,-0.018761662,-0.01915014,-0.040935664,-0.007640027,-0.008315939,0.008976722,-0.022002134,-0.022900763
2020-05-18,0.046539714,0.048081818,0.052600828,0.047801104,0.089328673,0.068815372,0.039349789,0.067085822,0.035587133,0.062992339,0.015625
2020-05-19,-0.004869883,-0.043228935,-0.029428128,-0.027007296,0.018904934,-0.041972218,0.008230536,-0.007858482,-0.036082263,0,-0.003846154
2020-05-20,0.010302575,-0.004149238,0.010297458,0.025131246,0.035421844,0.011059099,0.035102034,0.007920726,0.030302676,-0.057143085,-0.015444015
2020-05-21,0.01937545,0.057407136,0.05549245,0.07061844,0.093553637,0.053849401,0.044952633,0.051080531,0.023356583,0.00561174,0.007843137
2020-05-22,-0.000375128,0.005253674,0.00590154,-0.025632357,-0.019578652,-0.017564903,0.009811411,-0.037383062,-0.012679526,0.042410617,-0.007782101
2020-05-25,0.033274905,0.043554082,0.070933515,0.104875553,0.084002537,0.052824068,0.042600849,0.042718289,0.069349074,0.101712999,0.019607843
2020-05-26,-0.001815993,-0.039649254,-0.043326917,-0.022539711,-0.014617446,-0.029718291,-0.020071686,-0.029795105,-0.008806982,0.127308262,0
2020-05-27,0.027046732,0.031290679,0.017178442,0.003572573,0.034139383,0.030230596,0.022677411,0.094049914,0.02827133,0.000862183,0.023076923
2020-05-28,-0.012163415,-0.017699,-0.022518046,-0.003559856,-0.025545373,-0.025868634,0.001430522,-0.001754372,0.001571033,-0.015504111,0.041353383
2020-05-29,0.005977286,-0.011583197,-0.007853316,0.001623954,-0.015123989,-0.001981708,0,-0.015817272,-0.016470494,0.014873268,-0.010830325
2020-06-01,0.014022578,0.027578775,0.04485503,0.031128405,0.026617527,0.056791019,0.00357158,0.071428532,0.046251939,0.081034308,0.02189781
2020-06-02,0.028712023,0.067202057,0.044940717,0.032075545,0.103111393,0.057121374,-0.002135321,0.156666578,0.026676845,-0.042264592,0.042857143
2020-06-03,0.018113511,0.026534671,0.04450869,0.058805626,0.075754797,0.044792163,0.029957245,0.210374703,0.063103134,0.024146482,0.023972603
2020-06-04,0.010518015,0.028935273,0.014358742,0.005467658,0.012605018,0.035726412,0.021468084,0.066666732,0.024441511,0.016260113,0.010033445
2020-06-05,0.008194054,0.022121987,0.018264639,0.007441169,-0.000165969,0.022667532,0.021017037,0.003348187,0.036128156,0.047999855,-0.009933775
2020-06-08,0.031850565,0.040352339,0.052466604,0.033806753,0.09594954,0.038548028,0.011288087,0.023359324,0.010526285,-0.026717193,0.036789298
2020-06-09,-0.01064396,-0.019746287,-0.022156,-0.016487848,-0.006664602,-0.013609742,-0.015101707,0.048912975,-0.010416637,-0.039215677,0.048387097
2020-06-10,-0.019150071,-0.04352505,-0.046623224,-0.044146455,-0.033851857,-0.048918152,-0.003999954,-0.054922256,-0.052586519,-0.048979678,-0.04
2020-06-12,-0.021059538,-0.019932287,-0.011425962,-0.025138914,-0.005523992,-0.013517872,-0.022757795,-0.016447346,-0.018973971,0.025751121,-0.044871795
2020-06-15,-0.002016807,-0.023407376,-0.022191182,-0.008395843,-0.034914989,-0.020722035,0.009589152,-0.001114818,0.000716314,0.013388877,-0.030201342
2020-06-16,0.010441226,0.02868371,0.041607455,0.013002773,0.034369365,0.036518789,0.00746271,-0.02566966,0.002863283,-0.010734861,0.027681661
2020-06-17,0.021666633,0.012605022,0.015887626,0.029850771,0.014149408,0.020085632,0.037036935,-0.006872796,0.062812377,0.006677675,0.01010101
2020-06-18,0.007395324,0.039230487,-0.003574963,-0.002898391,0.08559327,-0.008715334,0.012986934,-0.012687441,0.001343148,-0.01658345,-0.013333333
2020-06-19,0.000107978,0.019600681,0.002690764,-0.013372236,0.039711234,-0.001953765,-0.007051236,0.042056086,-0.014755184,-0.037099831,0.030405405
2020-06-22,-0.00960707,-0.030971961,-0.034883837,-0.020624508,0.055416564,0.004567813,-0.00839245,0.003363201,0,0.120840573,-0.009836066
2020-06-23,0.005558605,-0.013225591,-0.001390082,0.008724296,0.032504338,-0.01753816,0.015624891,0.089385311,-0.000680792,0.015625426,0.006622517
2020-06-24,-0.016150065,-0.037974479,-0.032482632,-0.039069556,-0.022431922,-0.046281078,-0.076923029,0.030769402,-0.04972758,-0.038461761,-0.032894737
2020-06-25,0.017847329,0.011996656,0.023980761,0.024518944,0.002607685,0.019410783,-0.002083347,-0.050746257,0.008602243,0.069600308,0.006802721
2020-06-26,-0.023487369,-0.016825744,-0.030913314,-0.036049678,-0.055006459,-0.03638227,-0.013917875,-0.05974847,-0.028429326,0.039640823,-0.003378378
2020-06-29,0.023054777,0.029949146,0.034799354,0.050911358,0.041695184,0.025052998,-0.00493992,0.025641043,0.019019661,0.084892275,-0.003389831
2020-06-30,-0.00736728,-0.038897089,-0.033162007,-0.038576483,0.019815078,-0.035456123,-0.001418499,-0.043478237,-0.027279102,-0.045093008,-0.006802721
2020-07-01,0.011569493,0.026144959,0.022222262,0.028615771,-0.010362602,0.016060007,-0.002840877,0.042045456,0.019926169,0.07499989,0.010273973
2020-07-02,-0.001942167,0.017241296,0.003262484,0.002721571,0.034031413,0.007727409,-0.009971472,-0.01199565,0.020984094,-0.021317736,-0.003389831
2020-07-03,0.007459481,-0.001883321,0.006600576,0.010253297,0.006455783,-0.008365188,0.017985521,0.039734998,0.010630794,0.016501449,0.003401361
2020-07-06,0.022749179,0.046415343,0.060890114,0.034925388,0.006162585,0.04639701,0.032508842,-0.006369375,0.029452944,0.00488055,0.023728814
2020-07-07,-0.012695415,-0.049044474,-0.041501093,-0.04009241,0.011875152,-0.041988465,-0.012320261,-0.017093986,-0.038147124,-0.016191497,-0.013245033
2020-07-08,0.021253986,0.021615563,0.034085699,0.024339065,0.050030814,0.034361841,0.011088032,0.022826121,0.027620381,0.037524471,0.003355705
2020-07-09,-0.007179959,0.000371143,-0.022271809,-0.003813528,-0.02517656,-0.016949148,0.025359728,-0.011689812,-0.015851105,0.005710638,-0.006688963
2020-07-10,0.009747322,0.009276647,0.014578596,0.005300461,0.03065424,0.001034503,0.005347676,0.00537652,0.006302435,0.093375527,0.063973064
2020-07-13,-0.013390005,-0.014706098,-0.013920115,-0.009959036,-0.005152285,-0.022046274,-0.008643696,0.067379557,0.016005765,-0.04847096,-0.006329114
2020-07-14,0.016307154,0.016790964,0.016848961,0.016272375,-0.018361572,0.01444179,-0.010060355,-0.020040121,-0.009589168,0.002425987,0.025477707
2020-07-15,0.014803323,0.006972658,0.016569416,0.009897773,0.006954441,0.020833299,0.016260195,0.026584859,0.066389993,0.013309,-0.02484472
2020-07-16,-0.01234315,-0.016764128,-0.017621183,-0.008359416,0.024410557,-0.00510196,-0.000666766,0.003984133,-0.038262005,0.008358256,-0.00955414
2020-07-17,0.023858676,0.008895666,0.004933021,0.0308136,0.034871586,0.019145225,0.006004113,-0.01091271,-0.002022874,0.01184124,-0.009646302
2020-07-20,0.013820267,0.002939127,0.009370644,-0.003948009,0.038975654,0.00134187,-0.008620698,-0.005015106,0.006081146,0.012287781,0.00974026
2020-07-21,-0.002089542,0.017582406,0.026967561,0.004813341,-0.034594545,0.028140685,0.003344479,0.004032328,0.010745409,0.026589823,-0.006430868
2020-07-22,0.000897358,-0.025558101,-0.017219045,-0.008171495,-0.001119919,-0.036493937,-0.005333272,0.002008016,-0.014617999,0.028152946,-0.006472492
2020-07-23,-0.019724996,-0.02105661,-0.014454837,-0.024147528,-0.013661433,-0.020629036,-0.022788301,-0.018036027,-0.026972249,-0.014238573,-0.019543974
2020-07-24,0.001930833,-0.001131993,0.006222244,-0.011645003,-0.011441665,0.00241715,-0.019890218,-0.033673505,-0.011088104,0.02388883,0.029900332
2020-07-27,0.018967472,0.050245814,0.045936441,0.028276688,0.015161994,0.022046274,0.020993762,-0.005279896,0.014015439,0.028214792,0.009677419
2020-07-28,-0.004081187,-0.00575554,-0.006756759,0.003437481,-0.033747518,0.011122275,-0.008224937,0.016985217,-0.004837622,0.008477196,-0.003194888
2020-07-29,0.014292853,0.023516689,0.031462211,0.026263245,0.036342132,0.03199988,0.004146537,0.049060566,0.006944494,0.058638798,-0.003205128
2020-07-30,-0.001675256,-0.016967297,-0.035037009,-0.031988699,-0.011043996,0.002907034,-0.015829323,0.006965117,0.029655162,0.003956503,0.019292605
2020-07-31,-0.019938772,-0.033081555,-0.04143513,-0.035057589,-0.005065649,-0.033494392,-0.016783175,-0.024703557,-0.04487603,0.013793189,-0.025236593
2020-08-03,-0.000906476,0.015069781,-0.010695115,0.022930507,0.038532795,-0.012329158,-0.012091091,0.023302955,-0.004207541,0.039844462,-0.003236246
2020-08-04,-0.016129023,-0.058284451,-0.020784641,-0.030567844,-0.028412388,-0.028002805,-0.005039578,-0.024752374,-0.020422623,-0.042056054,-0.025974026
2020-08-05,0.014241804,-0.000778489,0.004604057,0.000900806,0.011467908,0.00312394,0.007959505,-0.007106747,-0.012221502,0.019512169,-0.003333333
2020-08-06,0.011920396,0.014024192,0.006874408,0.030603327,0.016326529,0.031141817,0.016511131,0,0.02474527,0.038277461,0.003344482
2020-08-07,-0.013377219,-0.02112957,-0.005917466,-0.006987165,-0.016733537,-0.011604016,-0.005649729,-0.004090051,0.003551279,0.013364138,-0.003333333
2020-08-10,0.007184043,0.012951391,0.008699757,0.009381414,0.00363051,0.037264927,-0.000710333,-0.002053267,0.004246174,-0.014097404,0.006688963
2020-08-11,-0.013461965,-0.011623434,-0.008170593,-0.014522107,-0.013000201,-0.012195152,0.009950289,-0.008230385,0.014799159,-0.051199166,0
2020-08-12,0.00132388,-0.011368116,-0.009153224,-0.005305211,-0.018669037,-0.000667241,-0.018296917,-0.051867215,-0.00763892,0.002430593,-0.013289037
2020-08-13,-0.018509102,-0.02854873,-0.02078543,-0.020148048,-0.002567802,-0.03639403,-0.035688027,-0.017505661,-0.034289596,0.032007814,0
2020-08-14,0.009947145,0.009387858,0.001415134,0.003326394,-0.033465936,0.007969554,0.01582505,0,-0.012318999,-0.046052635,0.003367003
2020-08-17,-0.01682568,-0.02385772,-0.029204039,-0.025617888,-0.043583407,-0.018219384,-0.003709182,-0.048997718,-0.027145866,-0.054187085,-0.020134228
2020-08-18,0.025253031,0.006347732,0.010674714,0.013609492,0.081265745,0.019957967,0.010424424,0.050351357,0.025640941,0.063541429,0.010273973
2020-08-19,-0.012722646,-0.004950325,-0.003840796,-0.004577204,-0.018028658,-0.004462732,-0.004421608,-0.011148294,-0.016911731,-0.012732402,-0.006779661
2020-08-20,0.006907196,0,-0.002409558,0.000919683,-0.008822015,-0.003448344,-0.001480285,-0.01465614,0,0.024801441,-0.013651877
2020-08-21,-0.000716699,-0.001658601,0,0.009188382,-0.00613427,0,0.003706354,0.001144155,0.011967027,0.032430019,0.01384083
2020-08-24,0.009221332,0.016611309,0.022705414,0.028977034,0.011255,0.015571021,0.023633716,0.017142951,0.011825592,0.000468685,0.003412969
2020-08-25,-0.001522863,-0.007352982,0,-0.005978984,-0.030277633,-0.007154949,-0.004329016,-0.015730322,-0.004382808,-0.006091743,0.003401361
2020-08-26,-0.017488572,-0.020987421,-0.020784403,-0.024060302,-0.004689618,-0.025737884,-0.018840605,-0.035388185,-0.019809136,-0.023573929,-0.013559322
2020-08-27,0.002483763,0.016393373,0.014954355,0.009245003,0.026410395,0.015146027,-0.004431249,0.009467378,-0.001496885,0.107677542,-0.006872852
2020-08-28,0.014762052,0.010339072,0.020437271,0.019541942,0.000241663,0.01596127,0.01409494,0.016412767,0.010494397,-0.023539813,0
2020-08-31,-0.026449704,-0.036021377,-0.034000957,-0.022162159,-0.022463782,-0.024590176,-0.016825106,-0.023067978,-0.026706116,0.000446565,-0.031141869
2020-09-01,0.027690711,0.034204437,0.020250737,0.01715156,0.036076119,0.02240907,0.026785626,0.030696441,0.011432967,0.008032178,0
2020-09-02,-0.002033513,-0.002054109,-0.000994583,0.001204522,-0.009062863,-0.017808349,0.004347838,0.008018379,0.006782289,0.072155731,-0.007142857
2020-09-03,-0.01212433,0.024289808,0.039299304,0.015639145,-0.019614797,0.033821478,-0.005050468,0.028409089,0.011975984,-0.080511977,-0.003597122
2020-09-04,0.004744214,0.003215349,0.000910913,0.005330022,-0.016202267,0.025632453,0.006526486,0.022099378,0.01183442,-0.040413093,0.010830325
2020-09-08,-0.006364145,-0.022435801,-0.015930644,-0.020323825,-0.026450404,-0.016442003,-0.009365968,-0.010810833,-0.011696005,-0.047730477,-0.007142857
2020-09-09,0.007231374,0.001229376,-0.002775358,-0.001202903,0.046648606,-0.006686716,-0.01599999,-0.004371549,0.001479252,-0.016216169,-0.003597122
2020-09-10,-0.025230759,-0.021285188,-0.03293128,-0.020770565,-0.031100741,-0.030629484,-0.022912132,-0.029637742,-0.025110784,-0.008491561,0.010830325
2020-09-11,-0.005892235,-0.011710595,-0.018704718,-0.016292622,-0.01289016,-0.012499878,-0.021180033,-0.035067932,-0.020454267,-0.025188922,-0.017857143
2020-09-14,0.021486018,0.017773841,0.011729877,0.014511059,0.04314436,0.006680638,0.029366357,0.023446707,-0.01082776,0.0501292,-0.014545455
2020-09-15,-0.000518112,-0.013305436,-0.010627739,-0.011433821,-0.019514039,-0.006636304,-0.009009033,-0.010309194,-0.003909289,-0.017224516,0.003690037
2020-09-16,-0.005701794,-0.002950126,0.001952817,0.003125903,0.001376824,-0.007384074,0,-0.012731613,-0.013343713,0.004506789,0
2020-09-17,0.004796152,0.001268044,0.00243691,0.001869842,-0.003499945,-0.010272699,-0.003787942,0.021102061,0.001591136,-0.021435528,-0.003676471
2020-09-18,-0.017951686,-0.024904789,-0.023821351,-0.025194475,-0.046036105,-0.02147463,-0.011406714,-0.027554426,-0.011914257,-0.058074578,-0.014760148
2020-09-21,-0.013102251,-0.008658158,-0.014940184,-0.014677732,-0.045233435,-0.001463087,-0.018461667,-0.028335427,-0.018488972,-0.040562398,-0.029962547
2020-09-22,0.002890749,0.008733776,0.006066886,-0.001942973,0.008125637,0.006959844,-0.002351021,0.008505522,0.006552198,-0.005073143,0.003861004
2020-09-23,-0.016013665,-0.026840106,-0.023618337,-0.020765712,-0.000956407,-0.023645077,-0.033778426,-0.03493984,-0.027664855,-0.004532776,0.007692308
2020-09-24,0.012260009,0.024466381,0.019042837,0.007952329,0.01285392,0.022354739,0.010569076,0.024968713,0.02594158,0.032441867,0.022900763
2020-09-25,0.00214359,-0.005210658,-0.001010117,-0.003944847,0.00310511,-0.008746373,-0.010458539,-0.007308102,-0.000815729,-0.01708941,0.014925373
2020-09-28,-0.024598963,-0.000436474,-0.003033297,0.006930718,-0.026917779,0.020955943,-0.015447223,-0.003680952,-0.012244939,0.022434071,-0.011029412
2020-09-29,-0.014035077,-0.021834194,-0.023833572,-0.024582181,-0.020193757,-0.02448684,-0.041288185,-0.023399075,-0.028925688,-0.006582597,-0.040892193
2020-09-30,0.012566782,0.004464158,0.008311636,-0.004704247,0.028373879,0.032115096,0.011197213,0.02395971,0.015319315,0.030922171,-0.003875969
2020-10-01,0.00944537,0.001556862,0.004636797,0.005739472,0.02278656,-0.002145965,-0.005962477,0.025862109,-0.002514788,0.0540975,0.011673152
2020-10-02,-0.019584408,0.003108475,0.008160257,-0.002685622,-0.03261311,0.017921196,0.018851746,0.007202822,0.027731022,-0.006605732,0.069230769
2020-10-05,0.028076773,0.010624109,0.014256928,0.017502531,0.03093777,0.002464725,0.014297648,0.007151434,-0.016353078,-0.004091944,-0.035971223
2020-10-06,-0.006584629,0.001752101,-0.003514334,-0.006615928,-0.002960532,0.002458926,-0.008291838,0.003550267,-0.006650143,0.046224938,0.018656716
2020-10-07,-0.000869303,-0.007433179,-0.010579371,-0.007325968,-0.019165811,-0.002452895,0.001672216,-0.030660488,-0.011715454,0.010800263,-0.003663004
2020-10-08,0.025231105,0.060352063,0.05142569,0.048305915,0.012384771,0.083245635,0.027545984,0.057177651,0.049111048,-0.010684864,-0.011029412
2020-10-09,-0.006576801,-0.002907963,0.00435842,-0.006719922,-0.008427427,0.018158248,-0.00649877,0.004603072,0.008878074,0.014236563,-0.003717472
2020-10-13,0.012279775,-0.009583485,0.005785935,0.000322034,-0.016449593,0.012101844,0.007358973,-0.009163962,-0.025599864,0.017909115,0.003731343
2020-10-14,0.008333259,-0.002944707,0.000958628,-0.006441208,0.039860609,0.012271943,0.004058509,-0.009248481,0.00492589,-0.013314395,-0.011152416
2020-10-15,-0.002615336,-0.008860773,-0.00670485,0.006807224,-0.007639749,-0.014609874,0.019401657,-0.012835249,-0.0032678,0,-0.011278195
2020-10-16,-0.00839097,-0.016177106,-0.01976835,-0.025434741,-0.022960598,-0.031230326,0.003172206,-0.018912613,-0.018032948,-0.028433622,0.007604563
2020-10-19,0.004865655,0.010817729,0.01377259,0.010901842,0.033729743,0.009768755,0.037154133,0.001204809,0.010016711,-0.007936556,-0.00754717
2020-10-20,0.017578926,0.039811836,0.043182703,0.046078534,0.053490209,0.024830709,0.006097469,0.063778546,0.039669485,0.00650004,0.019011407
2020-10-21,-0.000206848,0.009057116,0.010232834,0.007497631,0.025767887,0.010698563,-0.011363666,-0.0090497,0.022257324,0.019870663,-0.014925373
2020-10-22,0.014588681,0.051407713,0.046040441,0.043410909,-0.008662208,0.041407178,0.022222255,0.006849142,0.023328233,0.013151568,0.007575758
2020-10-23,-0.006322619,-0.012805652,-0.004401199,-0.003566031,-0.006990378,0.008071844,0.002248882,-0.011337777,0.003799461,-0.020192289,-0.015037594
2020-10-26,-0.002155162,0.007075391,0.012377977,-0.000894611,-0.011565183,0.015420977,0.005983456,-0.022935709,-0.008326976,-0.032875277,-0.061068702
2020-10-27,-0.015941612,-0.028493489,-0.02794725,-0.021492934,-0.013480758,-0.028037255,-0.023791703,-0.01408463,-0.02366418,-0.032471025,-0.028455285
2020-10-28,-0.043060222,-0.044596202,-0.056604052,-0.05003035,-0.063555583,-0.028245204,-0.052551465,-0.069047543,-0.05238461,-0.046145597,-0.062761506
2020-10-29,0.013543087,0.005046272,-0.00999986,-0.005780353,0.037444949,0.026283198,0.007234746,0.001278762,0.012376279,-0.029686657,0.026785714
2020-10-30,-0.023060333,-0.017573252,-0.03030299,-0.037467682,-0.043126234,-0.040373633,-0.026336777,-0.047254154,-0.022005035,-0.065155866,-0.034782609
2020-11-03,0.017648334,0.024504546,0.03422604,0.010067089,-0.01164891,0.016012641,0.040983599,-0.008042829,0.010833511,0.009090965,0.018018018
2020-11-04,0.020593995,0.039933564,-0.007250006,0.007309072,0.054300528,-0.009579752,-0.007086633,0.058108041,-0.002473324,0.093693727,-0.026548673
2020-11-05,0.029630341,0.023600018,0.015474108,0.012203183,0.044184215,0.015049667,0.012688404,0.026819833,0.009090765,0.080724709,-0.009090909
2020-11-06,0.002475554,-0.001172278,-0.00238122,-0.006516833,0.010960995,-0.016739059,0.005481639,0.042288594,0.007371088,0.027947177,-0.013761468
2020-11-09,0.023767856,0.08098589,0.094988139,0.072482741,-0.007312103,0.077868897,0.036604345,0.014319814,0.051219798,-0.007908947,0.018604651
2020-11-10,0.015075377,0.045240493,0.064516351,0.05107035,-0.031115159,0.062006504,0.025544557,-0.01176473,0.032482346,-0.050822135,0.00456621
2020-11-11,-0.001089119,-0.008310035,-0.004095324,-0.00610997,0.051514083,0,-0.002930359,0.02142864,-0.064419457,-0.006299251,0.013636364
2020-11-12,-0.021706829,-0.024441412,-0.03947354,-0.041861801,-0.008850603,-0.031121047,-0.013960231,0.006993069,-0.031224964,0.035921722,-0.01793722
2020-11-13,0.021580598,0.018969191,0.035530906,0.009776951,0.02238704,0.020466273,0.04098366,0.026620268,0.028099264,0.117287222,0.01826484
2020-11-16,0.016661707,0.035124628,0.04423298,0.025718638,-0.001353212,0.056267408,0.012168787,0.0372041,0.012057918,-0.008671893,0.035874439
2020-11-17,0.005755497,0.000678891,0.005542493,0.014679298,0.022419259,0.025052762,-0.006364939,0.00434779,0.017474081,-0.013812102,0.017316017
2020-11-18,-0.011445199,-0.024415149,-0.03070847,0.002339094,0.00012056,0.006688999,-0.003558703,0.007575696,-0.004683891,0.009336986,-0.025531915
2020-11-19,0.007947459,0.001390248,0.000812233,0.009918379,-0.014215166,0.004344376,-0.011428627,0.00214832,0.002352967,0.014801203,0.004366812
2020-11-23,0.005353801,0.003123839,-0.006493528,-0.002888395,-0.027496069,-0.016793934,0.010115685,-0.001071803,0.00860732,0.031449327,-0.004347826
2020-11-24,0.023625116,0.028027636,0.044934624,0.026651161,0.002764579,0.049689709,0.042203234,0.060085781,0.040341239,0.001767576,0.008733624
2020-11-25,0.001040494,-0.011780358,-0.012900735,-0.002821654,0.009899581,0.005670441,0.015785805,0,0.005965625,0.022496699,0.069264069
2020-11-26,0.001795285,-0.021117307,-0.016237575,-0.015846098,-0.004094596,-0.012503195,0,-0.013157994,-0.002223812,0.013373681,0
2020-11-27,0.003961564,0.007654951,-0.00805151,-0.004887804,0.007475614,0.01365454,0.00945946,-0.011281856,-0.000742841,0.004682745,0.008097166
2020-11-30,-0.013528767,-0.013812186,-0.01379877,-0.021670075,-0.025105098,-0.041391063,-0.028112382,-0.008298687,-0.018587531,0.033898389,-0.024096386
2020-12-01,0.019523838,0.042214071,0.055966981,0.027466125,0.038183418,0.090699996,0.020661064,0.035564664,0.023484908,0.056147517,0.020576132
2020-12-02,0.006538972,0.007731093,0.010880164,0.004311633,-0.037267847,-0.016865684,0.004723312,0.019191969,-0.009622334,-0.016297889,0.02016129
2020-12-03,0.003712316,-0.000667025,-0.013117455,0.008586005,0.095824386,0.000238156,-0.00604427,-0.012884039,0.014947622,0.053254286,0.067193676
2020-12-04,0.011835395,0.010013186,0.00860059,0.020998914,-0.049339827,-0.010719448,-0.001351403,-0.011044086,0.014727482,0.004119763,0.007407407
2020-12-07,-0.00109661,0.005948593,0.0065891,0.004724992,0.005969765,0.052010643,0.017591363,0.005075996,-0.002177012,-0.035434426,-0.007352941
2020-12-08,0.001189315,-0.002628185,-0.011936754,0.008575144,-0.00036327,-0.009155296,-0.003324453,0.014141402,0.003636349,0.005413684,0.011111111
2020-12-09,-0.006122122,0.005928864,0.002728046,-0.013713636,-0.025805698,-0.011781134,-0.030687088,-0.001991812,-0.010144983,0.029230836,-0.025641026
2020-12-10,0.017743864,0.033071304,0.041196906,0.052002324,0.005347541,0.028751762,0.012388122,0.008981859,0.03806741,0.005231721,-0.026315789
2020-12-11,0.000813044,-0.005908604,-0.007838803,0.017446372,0.010514663,0.012951574,0.013596205,-0.010880227,-0.004070841,0.06133822,0.007722008
2020-12-14,-0.005325426,-0.013418508,-0.005267027,0.003309188,0.042722421,-0.004710614,-0.012743112,-0.005000163,-0.002139806,0.025919495,-0.003831418
2020-12-15,0.014156126,0.009067353,0,0.012727402,0.038624121,0.014424143,-0.000679374,0.017085494,-0.005003534,0.028678804,0.011538462
2020-12-16,0.014226879,0.018934643,0.022692886,0.009232961,0.028145103,-0.007109511,0.006118303,-0.004940772,0.002155178,0.032193724,-0.007604563
2020-12-17,0.005646229,-0.00125986,0.004807502,0.001016648,0.010883895,-0.010069256,0.003378363,-0.005958142,-0.004301164,0.045016162,-0.022988506
2020-12-18,-0.004298605,-0.0015769,0.001840381,-0.007362289,-0.019793317,-0.000226102,0.047811479,-0.005994161,0.001439862,-0.026461607,0.011764706
2020-12-21,-0.018237885,-0.01768783,-0.024246795,-0.033503829,0.00643506,-0.011756718,-0.021208214,-0.002009931,-0.026599505,0.031605568,-0.031007752
2020-12-22,0.00735888,0.00482303,0.020331275,0.013230969,0.024473689,0.015099458,0.007222583,0.008056431,0.001477162,0.035539251,-0.016
2020-12-23,0.007928722,0.022080043,0.022878426,0.016453372,0.001506486,0.022537819,0.007170791,0.015730259,0.024336181,-0.015680481,-0.040650407
2020-12-28,0.013788209,0.007201143,0.009739985,0.011048236,0.023100927,0.018073652,0.026537195,0.014056164,0.015118907,0.024346227,0.050847458
2020-12-29,0.002354002,-0.002176169,-0.001622039,-0.005844882,0.002310408,-0.000649602,-0.003152638,-0.015841616,0.038297809,-0.002347432,0.024193548
2020-12-30,-0.002783326,-0.014641706,-0.014166132,-0.008179869,-0.016030988,-0.021230357,-0.008855023,-0.041247512,-0.001445954,-0.032352965,-0.007874016
2021-01-04,-0.004884483,-0.022615842,-0.02616085,-0.031185664,-0.008838297,-0.015715001,0.033822452,-0.01783833,0.00056882,-0.020972683,-0.003968254
2021-01-05,0.005259059,-0.00647252,-0.00609682,-0.010375117,-0.007520381,-0.014841335,-0.014197417,-0.004273593,-0.015861983,-0.023905582,-0.015936255
2021-01-06,0.007498483,0.029315957,0.033142879,0.022849638,-0.03225806,0.034238591,0.011271096,-0.002145914,0.018920784,-0.010178085,-0.028340081
2021-01-07,0.024405019,0.038924338,0.026548619,0.039684424,0.00633743,0.013683466,0.033390584,0.008602114,0.004126599,0.071336815,-0.004166667
2021-01-08,0.017149607,-0.000304825,-0.008620659,0.005813988,0.031676726,-0.009579696,-0.001231499,0.020255886,-0.026712403,0.20455899,0
2021-01-11,-0.014784045,-0.022547008,-0.017753686,-0.016335711,-0.023434918,-0.018131686,-0.021578317,0.024033546,0.002111254,0.04208171,-0.0041841
2021-01-12,0.006997083,0.003116965,-0.00073774,0.009197684,0.008887828,0.020004457,0.023944591,-0.003061313,0.023174105,-0.00501788,0.008403361
2021-01-13,-0.017496828,-0.016469789,-0.015134617,-0.049367092,0.005616162,-0.006831305,-0.018461627,-0.018423669,-0.008236131,-0.000960693,-0.016666667
2021-01-14,0.011247435,0.029699802,0.030734514,-0.002396787,0.002080664,0.021744032,0.035736838,0.039624544,0.019377206,0.036057772,0.021186441
2021-01-15,-0.024435465,-0.037741664,-0.027636404,-0.030966368,-0.020762867,-0.043431108,-0.029055715,-0.048144431,-0.024439931,-0.037122988,-0.020746888
2021-01-18,0.006564191,-0.005102004,0.003365807,-0.010192699,0.036491489,-0.010215767,0.008104682,-0.004215051,-0.013221993,0.059518077,0
2021-01-19,-0.004633611,-0.011859006,-0.016026888,-0.016977664,0.019487593,-0.022247544,-0.016697655,0.008465679,-0.019040874,0.027973517,-0.012711864
2021-01-20,-0.006551741,-0.016542407,-0.020833286,-0.022366901,-0.010455251,-0.020173557,-0.010691841,0.017838435,-0.007188955,0.021017764,-0.008583691
2021-01-21,-0.012408886,-0.013522359,-0.014313387,-0.010136016,0.008431167,-0.017955583,-0.017800372,-0.025773293,-0.005068919,-0.028385744,0
2021-01-22,-0.005535524,-0.021397476,-0.018445728,-0.01433589,-0.028151073,-0.02120904,0.00194177,-0.009523664,-0.016011478,0.003568332,-0.012987013
2021-01-26,-0.009719014,-0.033191119,-0.023990544,-0.026714056,0.008167261,-0.02067256,-0.01227389,-0.019230794,-0.014053335,0.039333375,-0.026315789
2021-01-27,-0.004371931,0,0.014338425,0.029277086,-0.01317782,-0.00076296,-0.010464321,0.0108932,-0.012003015,-0.111396232,-0.009009009
2021-01-28,0.026167274,0.04035396,0.031098502,0.023407375,0.048927346,0.037668609,0.024454648,0.036637993,0.027334781,0.054619801,0.013636364
2021-01-29,-0.034494838,-0.035726319,-0.030943907,-0.019687233,-0.017322362,-0.031886189,-0.025161253,-0.023908526,-0.004434485,-0.006160065,-0.013452915
2021-02-01,0.022612157,0.026654704,0.020614328,0.012699395,0.045024949,0.032683043,0.033752468,0.061767788,0.002227159,-0.026170889,0.013636364
2021-02-02,0.00698744,-0.021320606,-0.004004001,-0.006707381,-0.002845288,-0.008096169,0.017285602,0.010030048,0.001481553,0.107967897,0.040358744
2021-02-03,0.0122969,-0.004919013,0.004775165,0.007927004,0.075104511,0.013356501,0.000629248,0.121152027,0.005917046,0.105531994,0.038793103
2021-02-04,-0.005466351,-0.004237279,0.030099106,-0.004078002,0.020379178,0.012936268,-0.005031398,0.049601383,0.00367645,0.008467873,-0.049792531
2021-02-05,0.010469351,-0.004255418,-0.005382577,-0.006727244,0.020529477,0.001445739,-0.002528453,0.034599179,-0.01098895,-0.036068643,0.008733624
2021-02-08,-0.005525816,-0.018518478,-0.021260126,-0.002650157,0.039868922,-0.030317641,-0.022813694,0.063621508,-0.006666709,0.058404403,-0.03030303
2021-02-09,-0.002344122,0.011973932,0.005134072,0.012105078,-0.007703106,0.02258059,0.018158226,0.004601208,0.018642861,-0.033857184,0.008928571
2021-02-10,-0.00861549,-0.007171013,-0.011001765,-0.013710475,-0.043842633,-0.026207065,-0.028025434,-0.026717521,-0.017569606,-0.055179026,-0.008849558
2021-02-11,0.008602563,0,0.00119186,0.003844929,0.021865495,0.011961019,0.004587187,0.003921552,-0.001490385,0.005122982,0.008928571
2021-02-12,0.001305492,0.002527973,0,-0.005598128,-0.01805704,0.00024625,0.015003257,-0.018749921,-0.012686498,0.039959103,-0.004424779
2021-02-18,-0.003824441,0.005403473,-0.010651395,-0.014518416,-0.025468919,-0.003028665,-0.019280231,0.031847076,-0.003779187,-0.007841413,-0.022222222
2021-02-19,-0.00689295,-0.010390599,-0.008430202,-0.018941721,0.006227013,0.009910805,0.00786372,0.037808559,0.001517442,0.042679215,-0.004545455
2021-02-22,-0.048936918,-0.072773384,-0.065587057,-0.116457213,-0.021753428,-0.038763512,-0.026007882,-0.069144917,-0.053787984,-0.003979501,-0.01826484
2021-02-23,0.023187085,0.064037663,0.04766028,0.07170003,0.011214423,0.040581998,0.037383226,0.071086281,0.047237961,-0.00570774,0.041860465
2021-02-24,0.006319944,-0.014679014,-0.007030591,-0.003943538,0.005402868,-0.03311265,0.026383459,0.059656943,0.007645216,-0.004209804,-0.017857143
2021-02-25,-0.030235089,-0.031284922,-0.021657687,-0.028043593,-0.020269663,-0.025114127,0.0018809,-0.014074536,-0.026555483,-0.018831611,-0.009090909
2021-02-26,-0.023128875,-0.012102844,-0.020860023,-0.047861336,-0.015204009,-0.021077311,-0.038798458,-0.008565345,-0.014809127,-0.000783397,-0.027522936
2021-03-01,0.003314765,-0.029958617,-0.033043429,-0.00677372,0.003615353,-0.0095694,0.01236978,0.047516213,-0.052215075,0.095256639,-0.018867925
2021-03-02,0.014725297,0.040371306,0.026955393,0.038406381,-0.003991703,0.0303275,0.013504915,-0.001374633,0.010016638,-0.026127364,-0.004807692
2021-03-03,-0.003162753,0.002328279,0.008764088,0.002073879,-0.013392063,-0.014587032,-0.006345229,-0.045423209,0.006611534,0.016721786,-0.028985507
2021-03-04,0.013157857,0.031358867,0.038662102,0.036219444,-0.026553069,0.02114713,0,-0.025955333,0.04022993,-0.041930225,0.024875622
2021-03-05,0.021737128,0.037162193,0.047260562,0.018641906,-0.012620834,0.046078184,0.021072779,-0.034048857,0.033938505,-0.059045488,0.024271845
2021-03-08,-0.05030201,-0.031849436,-0.035543237,-0.045751678,-0.06834354,-0.034644884,-0.053783619,-0.092720299,-0.063894422,-0.077786689,-0.018957346
2021-03-09,0.017465629,0.013831855,0.00828171,-0.007191884,-0.01438358,0.005895951,-0.013879667,-0.053209404,-0.0116182,0.010869633,-0.019323671
2021-03-10,0.013434042,0.007374462,0.016837781,0.031390194,0.021329119,0.013761405,-0.002680973,0.006244398,0.033585145,-0.003225826,0.02955665
2021-03-11,0.01675412,0.001464221,0.017366692,0.005016705,0.024071178,-0.00452491,0.017473068,0.00886521,-0.004874149,0.024163924,0
2021-03-12,-0.005420009,-0.006578956,-0.006748634,0.003200743,0.010947808,-0.011616137,-0.010568064,-0.004393655,-0.01142869,-0.006741078,0.009569378
2021-03-15,0.006084058,0.011773287,0.0139888,-0.006999958,-0.010510794,0.019417499,0.020694272,-0.006178262,-0.005780188,0.085047672,0.033175355
2021-03-16,-0.007287018,-0.020363562,-0.016555127,0.002685421,-0.020064276,-0.035087714,-0.018312612,-0.040852579,-0.005813969,-0.007036733,0
2021-03-17,0.022193562,0.038975483,0.041683427,0.027787133,0.031095978,0.033246722,0.015323114,0.105555476,0.017543908,0.006299252,0.004587156
2021-03-18,-0.014718604,0.005716363,0.018468744,-0.008469058,-0.028883953,0.025138253,-0.003936986,-0.047738745,0.001642115,-0.047339591,-0.02283105
2021-03-19,0.012050251,0.002131429,0.010200109,0.008541396,0.023072746,-0.004659088,-0.001317561,0.0026386,0.002458874,0.045790528,0.018691589
2021-03-22,-0.010676772,0.005671783,-0.005235506,0.002931569,0.006519873,-0.015028395,-0.002638463,-0.028070145,-0.019623868,0.009301385,0
2021-03-23,-0.014922869,-0.025378989,-0.010902368,-0.036050754,0.009875764,-0.018509182,-0.013227486,0.006317663,0.00083398,0.081533374,0.009174312
2021-03-24,-0.01057956,-0.017359817,-0.010262184,-0.018194041,-0.034700332,-0.006625958,-0.014745388,-0.05112113,-0.019166619,-0.032205857,0.018181818
2021-03-25,0.015026281,0.017666505,0.022273482,0.014413233,0.010675365,0.016931722,-0.015646185,0.017013351,0.043330427,-0.043130665,0.044642857
2021-03-26,0.009085918,0.017052744,0.006761727,0.003382903,-0.01099374,0.032795225,0.011057251,0.001858635,-0.002442942,-0.009520076,0
2021-03-29,0.005553554,-0.000356342,0.004104526,0.00472018,-0.000762818,-0.029311091,-0.002734046,-0.013914599,-0.010612237,-0.002157676,-0.025641026
2021-03-30,0.01240065,0.016393326,0.01672244,0.030872442,0.062493111,0.013336578,0.017135059,0.01975542,0.009901118,0.004521212,-0.004385965
2021-03-31,-0.001874143,-0.019284687,-0.021564306,-0.008789015,-0.003797939,-0.016637732,-0.022911086,0.01383758,-0.016339962,0.01956948,0
2021-04-01,-0.011807233,-0.030584823,-0.036608145,-0.016420404,-0.025759877,-0.026515069,-0.016588468,-0.017288372,-0.002491638,0.036276383,0.008810573
2021-04-05,0.019678641,0.012915145,0.010090362,-0.001335486,0.041247884,0.009079089,0.024199281,0.04074066,0.003330542,-0.013891398,-0.008733624
2021-04-06,-0.000181882,-0.011657518,-0.015763143,-0.012036134,0.001726845,-0.010539897,-0.000694921,0.14501781,0.003319486,0.046769216,-0.008810573
2021-04-07,0.001048755,-0.008846459,-0.01093763,-0.006429774,0.001825198,0.000259857,-0.005563301,0.022533083,-0.009925598,0.049883399,-0.004444444
2021-04-08,0.005017454,-0.007809553,-0.003159557,-0.008515044,0.009817746,-0.007792148,-0.003496542,-0.009118578,0.005012418,-0.013843719,0.008928571
2021-04-09,-0.006505477,-0.001499278,-0.001584741,0.002748222,-0.012228071,-0.008377003,0.009122866,0.006901888,0.003325005,0.009532022,-0.008849558
2021-04-12,0.012299796,0.024774782,0.018650858,0.012333018,0.007102971,0.023759168,0.007649513,0.063975584,0.001657169,0.082575223,-0.008928571
2021-04-13,0.002360105,-0.000366307,-0.006622537,0,-0.006549118,-0.01237756,-0.008281637,0.0042949,-0.010752768,-0.019981043,-0.004504505
2021-04-14,0.008110229,0.012825228,0.011764748,0.001692024,0.009939215,0.020104514,0.006263132,-0.016393445,-0.005016698,0.019579186,0.027149321
2021-04-15,0.005190303,0,0,0.001351347,-0.003514771,-0.012029714,-0.00207474,-0.010144957,-0.001680664,-0.007141625,0.079295154
2021-04-16,0.002237539,0.011215692,0.011627904,0.004386036,0.026504033,0.003886076,0.023562088,0.136896061,0.000841791,0.030051185,-0.044897959
2021-04-19,-0.001030422,-0.015026788,-0.004521016,-0.005038663,-0.020714732,-0.013677388,-0.010155764,0.028976183,0.043734196,-0.021570511,0.008547009
2021-04-20,-0.007392067,-0.005085456,-0.015241334,0.016205209,-0.014536275,0.002092998,0.006155894,0.001877401,0.029814735,-0.005551131,0
2021-04-22,-0.004589591,0.00036514,-0.006878778,-0.008970017,-0.007222858,-0.020626588,-0.01835483,-0.056214939,-0.003912469,0.010047908,0
2021-04-23,0.008873458,0.004744577,0.018614801,0.008045563,0.018137175,0.021594187,0.000692514,0.082726723,-0.00942659,0.074846054,-0.004237288
2021-04-26,-0.000172493,-0.000726494,0.000849861,0.000997617,0.024959638,-0.004436191,0.017993055,0.039119762,-0.006343973,0.004847833,0.017021277
2021-04-27,-0.010090539,-0.015267238,-0.008917224,-0.010963365,0.027494181,-0.015203144,-0.004078821,0.055294122,-0.01915419,0.088888977,-0.020920502
2021-04-28,0.014113983,0.043519251,0.053556172,0.017803076,0.01710628,0.084641999,0.010238952,0.014492805,0.004882167,0.010069771,0.004273504
2021-04-29,-0.009278368,-0.031548913,-0.033346852,-0.021782169,-0.001879126,-0.04220862,0.009459372,-0.018131846,-0.008097298,0.034560648,0.004255319
2021-04-30,-0.007977784,0.007686504,0.003365508,0,0.007248404,-0.010248529,-0.009370731,0.029098981,0,0.000642413,0.016949153
2021-05-03,0.002447535,0.013992374,0.029769436,0.00371124,0.045700928,0.016826213,0.01013511,0.028276227,0.000488137,-0.010015341,-0.0125
2021-05-04,-0.012295108,-0.042652323,-0.030195485,-0.012773098,-0.038788087,-0.027240235,-0.011371268,-0.028027487,-0.000819781,-0.066277567,-0.012658228
2021-05-05,0.016597555,0.028453735,0.001680734,-0.003745322,0.022780086,0.023030587,0.001353236,0.034685927,0.012305248,0.026948208,0.008547009
2021-05-06,0.002431594,-0.006188548,0.005033483,-0.001708864,0.016181781,-0.004860544,0.002027008,-0.04892162,0.003241495,-0.051670466,0.152542373
2021-05-07,0.017586407,0.012087865,0.004173754,0.024991406,0.001073556,0.004627273,-0.002022908,0.01050885,-0.002423245,0.009128401,-0.029411765
2021-05-10,-0.002724332,0.014839067,0.02410632,0.013026127,0.003842737,0.004291382,0.001351339,-0.040503503,0.004858262,-0.055264952,0.147727273
2021-05-11,0.008451409,-0.002139818,-0.001623436,0.007253552,-0.018338901,-0.006763775,0.020242933,-0.014261266,0.000805824,0.009575123,0.01320132
2021-05-12,-0.024210616,-0.014653445,-0.020325092,-0.006546689,-0.022218177,-0.018596012,0.008597871,-0.021412094,-0.012882377,-0.080468344,-0.061889251
2021-05-13,0.006680004,0.029017144,0.023236425,0.026688657,0.038861156,0.028022353,0.039344231,0.0567712,0.018760194,-0.033037871,0.024305556
2021-05-14,0.010341236,0.022206562,0.009326947,0,0.002589,0.021287648,0.009463763,-0.023503076,0.012810093,0.000333346,-0.044067797
2021-05-17,0.009126578,-0.000689696,0.004419411,0.017650788,0.031789859,0.004829658,0.006250006,0.036676158,0.002371607,-0.012995681,0.063829787
2021-05-18,-0.001014251,-0.00207048,0.015999886,0.01387583,-0.012686595,0.003541625,0.047826085,0.064123825,0.021293379,0.012829169,0
2021-05-19,-0.001522971,0.007261507,0.006693067,0.017107264,0.011014014,0.034282796,-0.012448198,-0.009350649,0.013127449,-0.018333307,-0.033333333
2021-05-20,-0.000847369,0.005492665,0.00938594,0.003057999,0.031557965,-0.005361901,-0.002400817,0.092291557,0.004573216,0.045840432,0.006896552
2021-05-21,0.000848087,0.004779793,0.004649411,0.008536744,-0.005783225,0.005390806,-0.009627049,0.015362458,-0.003034985,-0.040584359,-0.003424658
2021-05-24,0.010592323,-0.002718371,-0.002699684,0.00656475,0.033299556,-0.008530258,-0.012758207,0.06903078,0.002283168,0.240439797,0.034364261
2021-05-25,-0.007211135,-0.01028139,-0.005027044,-0.013382023,-0.006200578,-0.010078703,-0.026461544,-0.003538257,0.014426643,-0.060701112,0.056478405
2021-05-26,0.007094561,0.013793019,0.022930561,0.016646216,-0.006649657,0.01365776,0.034134077,0.041722058,0.006736634,-0.024542559,0.081761006
2021-05-27,0.00293524,-0.008503337,0.006078859,0.013644575,0.014049542,0,0.022004809,-0.01491257,-0.023048411,-0.004019631,-0.023255814
2021-05-28,0.009448993,0.016466486,0.002265924,0.003290563,0.001956089,-0.000489914,0.012559814,-0.020761331,0.019786813,-0.001793703,-0.014880952
2021-05-31,0.004390316,-0.003037397,-0.002260802,-0.001490852,0.009028775,0.010048985,0.018901304,0.007950575,0.017164339,0.021563293,-0.024169184
2021-06-01,0.017154656,0.036409718,0.022658703,0.014631265,-0.016525623,0.039553526,0.002318937,0.009202498,0.019809169,-0.030343017,-0.024767802
2021-06-02,0.010865126,0.033333374,0.039132771,0.035903396,-0.00573772,0.018907576,-0.008097208,-0.013895006,0.068991569,0.00272115,0.003174603
2021-06-04,0.003048087,0.02087289,-0.001066812,0.015625041,0.007831847,0.025658705,0.011078733,0.055041834,-0.008896542,0.001809072,-0.025316456
2021-06-07,0.005597737,0.023544017,0.012459991,0.021538528,-0.006216808,0.019656024,-0.000576754,-0.019198624,0.003513744,-0.023476276,0.061688312
2021-06-08,-0.008270386,-0.006961313,-0.007032392,-0.006024262,0.016544596,-0.00109541,-0.008655431,-0.010212766,-0.006302594,-0.02727685,-0.021406728
2021-06-09,0.001363147,0.013715148,-0.004957494,-0.019283686,-0.016518206,-0.010526279,0.020372514,0.031814273,-0.008456614,0.02614062,-0.025
2021-06-10,0.000960947,-0.003607731,0.00177937,-0.002808939,-0.005351556,0.00731388,0.000570503,-0.012499958,0.007818143,0.015284854,-0.022435897
2021-06-11,-0.004159976,-0.011768254,-0.003907669,-0.002816823,-0.020942038,-0.009020938,-0.010832514,-0.041772235,-0.016925369,-0.019160564,0
2021-06-14,0.005382383,-0.003358767,-0.004279605,0.01102751,0.00152189,0.003552438,0.019596596,0.021576487,0.009325716,-0.007907009,0.003278689
2021-06-15,0.000239696,0,0.000716315,-0.003368811,0.030136696,-0.006415986,0.001130572,0.081465471,0.011371699,-0.01125178,-0.019607843
2021-06-16,-0.007668949,0.0199141,0.005010724,0.007042206,0.003441786,0.016254758,-0.011293008,0.015544041,0.001405498,0.0540541,0.046666667
2021-06-17,-0.009096804,-0.011714988,-0.004273509,-0.023776161,-0.001143294,-0.016213776,0.017132966,-0.000784969,-0.005614028,0.03913627,-0.025477707
2021-06-18,0.001462353,-0.018237253,-0.012875587,-0.001432777,-0.001308108,-0.017817504,-0.008422214,-0.052631502,0.011291519,0.000432961,-0.006535948
2021-06-21,0.007787832,0.004643984,0.002536226,-0.007747423,0.006794932,-0.004761815,0.003963781,-0.008291915,-0.011165444,0.006490649,0.046052632
2021-06-22,-0.003300354,-0.012943004,-0.018431415,-0.021110576,-0.016669405,-0.003189803,-0.012972358,0.023411371,-0.011291375,0.027085075,-0.025157233
2021-06-23,-0.002261339,-0.007180761,-0.004418229,0,0.002315362,-0.012800016,-0.011999947,0.044934641,-0.008565336,0.013813312,0.016129032
2021-06-24,0.008013583,0.00031445,0.007396382,0.002067953,-0.006682606,-0.002083864,-0.000578305,-0.044175098,-0.003599753,-0.031379026,0.012698413
2021-06-25,-0.016301285,-0.031751044,-0.031204155,-0.03007057,-0.017691071,-0.023201841,-0.016782544,-0.044171777,-0.020231225,-0.000426146,-0.028213166
2021-06-28,-0.000408188,-0.011363536,-0.004926046,-0.007598825,0.031199825,-0.009501162,-0.032960561,0.03594343,-0.013274339,0.016204646,-0.006451613
2021-06-29,-0.001143316,-0.009852327,-0.006092924,-0.006738188,0.006067518,-0.008872875,-0.021302485,-0.002065221,-0.008968637,0.033571109,-0.012987013
